source,requirement_id,status,acceptance_criteria,evidence_paths,checked_commit,checked_date,notes
functional/GUIDANCE_ENGINE_FRD_Updated.md,FR-02,PARTIAL,User can manually start a journey for an item; every Status Board item exposes the action.,apps/backend/src/routes/guidance.routes.ts; apps/backend/src/controllers/guidance.controller.ts; apps/backend/src/services/guidanceEngine/guidanceJourney.service.ts,59c9d37e,2026-09-22,Authenticated POST start route and user-initiated journey write are present. Every Status Board row action was not verified.
functional/GUIDANCE_ENGINE_FRD_Updated.md,TR-01,PARTIAL,"Journey records manual initiation, target scope, and template version without losing existing journeys.",apps/backend/prisma/schema.prisma; apps/backend/src/services/guidanceEngine/guidanceJourney.service.ts,59c9d37e,2026-09-22,"Schema uses isUserInitiated Boolean, scopeId String, and templateVersion String; FRD names initiatedByUser Boolean, targetAssetId, and templateVersion Int. Behavioral intent partly present, proposed field contract is stale."
product/AI_HOME_CONCIERGE_ASK_AUDIENCE_CONTEXT_ADDENDUM_FRD.md,ASK-AUD-FR-002,VERIFIED_RUNTIME,"Audience context is derived from authenticated account, property access and canonical journey context.",apps/backend/tests/ask/askAudienceContext.test.js; apps/backend/src/services/ask/askAudienceContext.ts; apps/backend/src/services/ask/askAudiencePolicy.ts; apps/backend/src/services/ask/askAudiencePresentation.ts; apps/backend/src/services/ask/askRoutingCascade.ts,9830f0a2,2026-09-24,Verified with `node --test tests/ask/askTrustArchitecture.test.js tests/ask/askAudienceContext.test.js`: 37/37 passed on 2026-09-24. Scope is the environment-independent audience contract asserted by the focused tests; no live backend/database/browser was exercised.
product/AI_HOME_CONCIERGE_ASK_AUDIENCE_CONTEXT_ADDENDUM_FRD.md,ASK-AUD-FR-007,VERIFIED_RUNTIME,An inapplicable typed operation returns a stable policy block and does not execute.,apps/backend/tests/ask/askAudienceContext.test.js; apps/backend/src/services/ask/askAudienceContext.ts; apps/backend/src/services/ask/askAudiencePolicy.ts; apps/backend/src/services/ask/askAudiencePresentation.ts; apps/backend/src/services/ask/askRoutingCascade.ts,9830f0a2,2026-09-24,Verified with `node --test tests/ask/askTrustArchitecture.test.js tests/ask/askAudienceContext.test.js`: 37/37 passed on 2026-09-24. Scope is the environment-independent audience contract asserted by the focused tests; no live backend/database/browser was exercised.
product/AI_HOME_CONCIERGE_ASK_AUDIENCE_CONTEXT_ADDENDUM_FRD.md,ASK-AUD-FR-008,VERIFIED_RUNTIME,Inapplicable operations are removed before semantic discovery.,apps/backend/tests/ask/askAudienceContext.test.js; apps/backend/src/services/ask/askAudienceContext.ts; apps/backend/src/services/ask/askAudiencePolicy.ts; apps/backend/src/services/ask/askAudiencePresentation.ts; apps/backend/src/services/ask/askRoutingCascade.ts,9830f0a2,2026-09-24,Verified with `node --test tests/ask/askTrustArchitecture.test.js tests/ask/askAudienceContext.test.js`: 37/37 passed on 2026-09-24. Scope is the environment-independent audience contract asserted by the focused tests; no live backend/database/browser was exercised.
product/AI_HOME_CONCIERGE_ASK_AUDIENCE_CONTEXT_ADDENDUM_FRD.md,ASK-AUD-FR-009,VERIFIED_RUNTIME,Safety routing runs before property-scoped authorization-dependent work.,apps/backend/tests/ask/askAudienceContext.test.js; apps/backend/src/services/ask/askAudienceContext.ts; apps/backend/src/services/ask/askAudiencePolicy.ts; apps/backend/src/services/ask/askAudiencePresentation.ts; apps/backend/src/services/ask/askRoutingCascade.ts,9830f0a2,2026-09-24,Verified with `node --test tests/ask/askTrustArchitecture.test.js tests/ask/askAudienceContext.test.js`: 37/37 passed on 2026-09-24. Scope is the environment-independent audience contract asserted by the focused tests; no live backend/database/browser was exercised.
product/AI_HOME_CONCIERGE_ASK_AUDIENCE_CONTEXT_ADDENDUM_FRD.md,ASK-AUD-FR-010,VERIFIED_RUNTIME,Audience context contains a bounded schema/source version and observation time.,apps/backend/tests/ask/askAudienceContext.test.js; apps/backend/src/services/ask/askAudienceContext.ts; apps/backend/src/services/ask/askAudiencePolicy.ts; apps/backend/src/services/ask/askAudiencePresentation.ts; apps/backend/src/services/ask/askRoutingCascade.ts,9830f0a2,2026-09-24,Verified with `node --test tests/ask/askTrustArchitecture.test.js tests/ask/askAudienceContext.test.js`: 37/37 passed on 2026-09-24. Scope is the environment-independent audience contract asserted by the focused tests; no live backend/database/browser was exercised.
product/AI_HOME_CONCIERGE_ASK_AUDIENCE_CONTEXT_ADDENDUM_FRD.md,ASK-AUD-UX-008,VERIFIED_RUNTIME,Unknown journey context still permits safe general and read-only guidance.,apps/backend/tests/ask/askAudienceContext.test.js; apps/backend/src/services/ask/askAudienceContext.ts; apps/backend/src/services/ask/askAudiencePolicy.ts; apps/backend/src/services/ask/askAudiencePresentation.ts; apps/backend/src/services/ask/askRoutingCascade.ts,9830f0a2,2026-09-24,Verified with `node --test tests/ask/askTrustArchitecture.test.js tests/ask/askAudienceContext.test.js`: 37/37 passed on 2026-09-24. Scope is the environment-independent audience contract asserted by the focused tests; no live backend/database/browser was exercised.
product/AI_HOME_CONCIERGE_ASK_TRUST_ARCHITECTURE_ADDENDUM_FRD.md,ASK-TRUST-001,VERIFIED_RUNTIME,Safety and unauthorized scope are intercepted before ordinary semantic routing.,apps/backend/tests/ask/askTrustArchitecture.test.js; apps/backend/tests/ask/askAudienceContext.test.js; apps/backend/src/services/ask/askRoutingCascade.ts; apps/backend/src/services/ask/askAnswerTrustValidator.ts,60986af0,2026-09-24,Verified with `node --test tests/ask/askTrustArchitecture.test.js tests/ask/askAudienceContext.test.js`: 37/37 passed on 2026-09-24. Scope is the environment-independent contracts asserted by those tests; no live backend/database/browser was exercised.
product/AI_HOME_CONCIERGE_ASK_TRUST_ARCHITECTURE_ADDENDUM_FRD.md,ASK-TRUST-002,VERIFIED_RUNTIME,Only registered and audience-eligible operations can be selected.,apps/backend/tests/ask/askTrustArchitecture.test.js; apps/backend/tests/ask/askAudienceContext.test.js; apps/backend/src/services/ask/askRoutingCascade.ts; apps/backend/src/services/ask/askAnswerTrustValidator.ts,60986af0,2026-09-24,Verified with `node --test tests/ask/askTrustArchitecture.test.js tests/ask/askAudienceContext.test.js`: 37/37 passed on 2026-09-24. Scope is the environment-independent contracts asserted by those tests; no live backend/database/browser was exercised.
product/AI_HOME_CONCIERGE_ASK_TRUST_ARCHITECTURE_ADDENDUM_FRD.md,ASK-TRUST-004,VERIFIED_RUNTIME,Material ambiguity yields clarification instead of an inferred action.,apps/backend/tests/ask/askTrustArchitecture.test.js; apps/backend/tests/ask/askAudienceContext.test.js; apps/backend/src/services/ask/askRoutingCascade.ts; apps/backend/src/services/ask/askAnswerTrustValidator.ts,60986af0,2026-09-24,Verified with `node --test tests/ask/askTrustArchitecture.test.js tests/ask/askAudienceContext.test.js`: 37/37 passed on 2026-09-24. Scope is the environment-independent contracts asserted by those tests; no live backend/database/browser was exercised.
product/AI_HOME_CONCIERGE_ASK_TRUST_ARCHITECTURE_ADDENDUM_FRD.md,ASK-TRUST-005,VERIFIED_RUNTIME,Visible answers pass the deterministic trust pipeline.,apps/backend/tests/ask/askTrustArchitecture.test.js; apps/backend/tests/ask/askAudienceContext.test.js; apps/backend/src/services/ask/askRoutingCascade.ts; apps/backend/src/services/ask/askAnswerTrustValidator.ts,60986af0,2026-09-24,Verified with `node --test tests/ask/askTrustArchitecture.test.js tests/ask/askAudienceContext.test.js`: 37/37 passed on 2026-09-24. Scope is the environment-independent contracts asserted by those tests; no live backend/database/browser was exercised.
product/AI_HOME_CONCIERGE_ASK_TRUST_ARCHITECTURE_ADDENDUM_FRD.md,ASK-TRUST-006,VERIFIED_RUNTIME,Absence claims require complete authoritative evidence.,apps/backend/tests/ask/askTrustArchitecture.test.js; apps/backend/tests/ask/askAudienceContext.test.js; apps/backend/src/services/ask/askRoutingCascade.ts; apps/backend/src/services/ask/askAnswerTrustValidator.ts,60986af0,2026-09-24,Verified with `node --test tests/ask/askTrustArchitecture.test.js tests/ask/askAudienceContext.test.js`: 37/37 passed on 2026-09-24. Scope is the environment-independent contracts asserted by those tests; no live backend/database/browser was exercised.
product/AI_HOME_CONCIERGE_ASK_TRUST_ARCHITECTURE_ADDENDUM_FRD.md,ASK-TRUST-007,VERIFIED_RUNTIME,Boundaries are checked for operation and content applicability.,apps/backend/tests/ask/askTrustArchitecture.test.js; apps/backend/tests/ask/askAudienceContext.test.js; apps/backend/src/services/ask/askRoutingCascade.ts; apps/backend/src/services/ask/askAnswerTrustValidator.ts,60986af0,2026-09-24,Verified with `node --test tests/ask/askTrustArchitecture.test.js tests/ask/askAudienceContext.test.js`: 37/37 passed on 2026-09-24. Scope is the environment-independent contracts asserted by those tests; no live backend/database/browser was exercised.
product/AI_HOME_CONCIERGE_ASK_TRUST_ARCHITECTURE_ADDENDUM_FRD.md,ASK-TRUST-008,VERIFIED_RUNTIME,"CTAs are checked for permission, scope and relevance.",apps/backend/tests/ask/askTrustArchitecture.test.js; apps/backend/tests/ask/askAudienceContext.test.js; apps/backend/src/services/ask/askRoutingCascade.ts; apps/backend/src/services/ask/askAnswerTrustValidator.ts,60986af0,2026-09-24,Verified with `node --test tests/ask/askTrustArchitecture.test.js tests/ask/askAudienceContext.test.js`: 37/37 passed on 2026-09-24. Scope is the environment-independent contracts asserted by those tests; no live backend/database/browser was exercised.
product/AI_HOME_CONCIERGE_ASK_TRUST_ARCHITECTURE_ADDENDUM_FRD.md,ASK-TRUST-010,VERIFIED_RUNTIME,Deterministic routing remains functional with the classifier disabled.,apps/backend/tests/ask/askTrustArchitecture.test.js; apps/backend/tests/ask/askAudienceContext.test.js; apps/backend/src/services/ask/askRoutingCascade.ts; apps/backend/src/services/ask/askAnswerTrustValidator.ts,60986af0,2026-09-24,Verified with `node --test tests/ask/askTrustArchitecture.test.js tests/ask/askAudienceContext.test.js`: 37/37 passed on 2026-09-24. Scope is the environment-independent contracts asserted by those tests; no live backend/database/browser was exercised.
product/AI_HOME_CONCIERGE_ASK_TRUST_ARCHITECTURE_ADDENDUM_FRD.md,ASK-TRUST-011,VERIFIED_RUNTIME,Semantic retrieval handles paraphrases and word-order variation.,apps/backend/tests/ask/askTrustArchitecture.test.js; apps/backend/tests/ask/askAudienceContext.test.js; apps/backend/src/services/ask/askRoutingCascade.ts; apps/backend/src/services/ask/askAnswerTrustValidator.ts,60986af0,2026-09-24,Verified with `node --test tests/ask/askTrustArchitecture.test.js tests/ask/askAudienceContext.test.js`: 37/37 passed on 2026-09-24. Scope is the environment-independent contracts asserted by those tests; no live backend/database/browser was exercised.
product/AI_HOME_CONCIERGE_ASK_TRUST_ARCHITECTURE_ADDENDUM_FRD.md,ASK-TRUST-014,PARTIAL,Clarification requests only the unresolved distinction and preserves safe context.,apps/backend/tests/ask/askTrustArchitecture.test.js; apps/backend/tests/ask/askAudienceContext.test.js; apps/backend/src/services/ask/askRoutingCascade.ts; apps/backend/src/services/ask/askAnswerTrustValidator.ts,60986af0,2026-09-24,Runtime tests verify broad pending language clarifies and relevant candidates are retained. They do not certify every clarification path or UX surface.
product/AI_HOME_CONCIERGE_ASK_TRUST_ARCHITECTURE_ADDENDUM_FRD.md,ASK-TRUST-016,VERIFIED_RUNTIME,Audience-filtered answers pass direct-relevance validation.,apps/backend/tests/ask/askTrustArchitecture.test.js; apps/backend/tests/ask/askAudienceContext.test.js; apps/backend/src/services/ask/askRoutingCascade.ts; apps/backend/src/services/ask/askAnswerTrustValidator.ts,60986af0,2026-09-24,Verified with `node --test tests/ask/askTrustArchitecture.test.js tests/ask/askAudienceContext.test.js`: 37/37 passed on 2026-09-24. Scope is the environment-independent contracts asserted by those tests; no live backend/database/browser was exercised.
product/AI_HOME_CONCIERGE_ASK_TRUST_ARCHITECTURE_ADDENDUM_FRD.md,ASK-TRUST-017,DEFERRED,A new language requires separate certification while the core contracts remain extensible.,docs/product/AI_HOME_CONCIERGE_ASK_TRUST_ARCHITECTURE_ADDENDUM_FRD.md; apps/backend/src/services/ask/askOperationRegistry.ts,60986af0,2026-09-24,The governing addendum explicitly defers multilingual runtime functionality; current operation contracts declare English support.
product/AI_HOME_CONCIERGE_ASK_TRUST_ARCHITECTURE_ADDENDUM_FRD.md,ASK-TRUST-019,VERIFIED_RUNTIME,Every registered operation supplies positive examples and hard negatives.,apps/backend/tests/ask/askTrustArchitecture.test.js; apps/backend/tests/ask/askAudienceContext.test.js; apps/backend/src/services/ask/askRoutingCascade.ts; apps/backend/src/services/ask/askAnswerTrustValidator.ts,60986af0,2026-09-24,Verified with `node --test tests/ask/askTrustArchitecture.test.js tests/ask/askAudienceContext.test.js`: 37/37 passed on 2026-09-24. Scope is the environment-independent contracts asserted by those tests; no live backend/database/browser was exercised.
product/ASK_COZY_CROSS_DOMAIN_INTERACTION_ROLLOUT_FRD.md,ROLL-004,IMPLEMENTED_STATIC,Maintenance reference behavior satisfies the requirement in the currently traced operation family.,docs/architecture/ASK_COZY_PHASE1_COMPLETED_REFERENCE_REVERIFICATION.md; apps/backend/src/services/ask/askOrchestrator.service.ts; apps/frontend/src/features/ask/interactionDispatch.ts; apps/frontend/src/components/ask/MaintenanceResultList.tsx,60986af0,2026-09-24,"Phase 1 re-verification traces the maintenance reference implementation. This is static evidence for that family, not a cross-domain or browser certification."
product/ASK_COZY_CROSS_DOMAIN_INTERACTION_ROLLOUT_FRD.md,ROLL-005,IMPLEMENTED_STATIC,Maintenance reference behavior satisfies the requirement in the currently traced operation family.,docs/architecture/ASK_COZY_PHASE1_COMPLETED_REFERENCE_REVERIFICATION.md; apps/backend/src/services/ask/askOrchestrator.service.ts; apps/frontend/src/features/ask/interactionDispatch.ts; apps/frontend/src/components/ask/MaintenanceResultList.tsx,60986af0,2026-09-24,"Phase 1 re-verification traces the maintenance reference implementation. This is static evidence for that family, not a cross-domain or browser certification."
product/ASK_COZY_CROSS_DOMAIN_INTERACTION_ROLLOUT_FRD.md,ROLL-006,IMPLEMENTED_STATIC,Maintenance reference behavior satisfies the requirement in the currently traced operation family.,docs/architecture/ASK_COZY_PHASE1_COMPLETED_REFERENCE_REVERIFICATION.md; apps/backend/src/services/ask/askOrchestrator.service.ts; apps/frontend/src/features/ask/interactionDispatch.ts; apps/frontend/src/components/ask/MaintenanceResultList.tsx,60986af0,2026-09-24,"Phase 1 re-verification traces the maintenance reference implementation. This is static evidence for that family, not a cross-domain or browser certification."
product/ASK_COZY_CROSS_DOMAIN_INTERACTION_ROLLOUT_FRD.md,ROLL-007,PARTIAL,"Optional handoff preserves supported filters, target and return state and discloses unsupported context.",docs/architecture/ASK_COZY_PHASE1_COMPLETED_REFERENCE_REVERIFICATION.md; apps/backend/src/services/ask/askOrchestrator.service.ts; apps/frontend/src/features/ask/interactionDispatch.ts; apps/frontend/src/components/ask/MaintenanceResultList.tsx,60986af0,2026-09-24,"Maintenance preserves supported handoff context and restores view state, but date and room filters have no destination equivalent."
product/ASK_COZY_CROSS_DOMAIN_INTERACTION_ROLLOUT_FRD.md,XPROP-001,IMPLEMENTED_STATIC,Maintenance reference behavior satisfies the requirement in the currently traced operation family.,docs/architecture/ASK_COZY_PHASE1_COMPLETED_REFERENCE_REVERIFICATION.md; apps/backend/src/services/ask/askOrchestrator.service.ts; apps/frontend/src/features/ask/interactionDispatch.ts; apps/frontend/src/components/ask/MaintenanceResultList.tsx,60986af0,2026-09-24,"Phase 1 re-verification traces the maintenance reference implementation. This is static evidence for that family, not a cross-domain or browser certification."
product/ASK_COZY_CROSS_DOMAIN_INTERACTION_ROLLOUT_FRD.md,XPROP-002,IMPLEMENTED_STATIC,Maintenance reference behavior satisfies the requirement in the currently traced operation family.,docs/architecture/ASK_COZY_PHASE1_COMPLETED_REFERENCE_REVERIFICATION.md; apps/backend/src/services/ask/askOrchestrator.service.ts; apps/frontend/src/features/ask/interactionDispatch.ts; apps/frontend/src/components/ask/MaintenanceResultList.tsx,60986af0,2026-09-24,"Phase 1 re-verification traces the maintenance reference implementation. This is static evidence for that family, not a cross-domain or browser certification."
product/ASK_COZY_CROSS_DOMAIN_INTERACTION_ROLLOUT_FRD.md,XPROP-003,IMPLEMENTED_STATIC,Maintenance reference behavior satisfies the requirement in the currently traced operation family.,docs/architecture/ASK_COZY_PHASE1_COMPLETED_REFERENCE_REVERIFICATION.md; apps/backend/src/services/ask/askOrchestrator.service.ts; apps/frontend/src/features/ask/interactionDispatch.ts; apps/frontend/src/components/ask/MaintenanceResultList.tsx,60986af0,2026-09-24,"Phase 1 re-verification traces the maintenance reference implementation. This is static evidence for that family, not a cross-domain or browser certification."
product/ASK_COZY_CROSS_DOMAIN_INTERACTION_ROLLOUT_FRD.md,XPROP-004,IMPLEMENTED_STATIC,Maintenance reference behavior satisfies the requirement in the currently traced operation family.,docs/architecture/ASK_COZY_PHASE1_COMPLETED_REFERENCE_REVERIFICATION.md; apps/backend/src/services/ask/askOrchestrator.service.ts; apps/frontend/src/features/ask/interactionDispatch.ts; apps/frontend/src/components/ask/MaintenanceResultList.tsx,60986af0,2026-09-24,"Phase 1 re-verification traces the maintenance reference implementation. This is static evidence for that family, not a cross-domain or browser certification."
product/ASK_COZY_CROSS_DOMAIN_INTERACTION_ROLLOUT_FRD.md,XREC-001,PARTIAL,Mutations reconcile affected results and expose honest recovery when refresh fails.,docs/architecture/ASK_COZY_PHASE1_COMPLETED_REFERENCE_REVERIFICATION.md; apps/backend/src/services/ask/askOrchestrator.service.ts; apps/frontend/src/features/ask/interactionDispatch.ts; apps/frontend/src/components/ask/MaintenanceResultList.tsx,60986af0,2026-09-24,Complete/update refresh one source execution and disclose refresh failure; create has no refresh and other affected visible results are not reconciled.
product/ASK_COZY_CROSS_DOMAIN_INTERACTION_ROLLOUT_FRD.md,XREC-002,PARTIAL,Mutations reconcile affected results and expose honest recovery when refresh fails.,docs/architecture/ASK_COZY_PHASE1_COMPLETED_REFERENCE_REVERIFICATION.md; apps/backend/src/services/ask/askOrchestrator.service.ts; apps/frontend/src/features/ask/interactionDispatch.ts; apps/frontend/src/components/ask/MaintenanceResultList.tsx,60986af0,2026-09-24,Complete/update refresh one source execution and disclose refresh failure; create has no refresh and other affected visible results are not reconciled.
product/ASK_COZY_CROSS_DOMAIN_INTERACTION_ROLLOUT_FRD.md,XRES-001,IMPLEMENTED_STATIC,Maintenance reference behavior satisfies the requirement in the currently traced operation family.,docs/architecture/ASK_COZY_PHASE1_COMPLETED_REFERENCE_REVERIFICATION.md; apps/backend/src/services/ask/askOrchestrator.service.ts; apps/frontend/src/features/ask/interactionDispatch.ts; apps/frontend/src/components/ask/MaintenanceResultList.tsx,60986af0,2026-09-24,"Phase 1 re-verification traces the maintenance reference implementation. This is static evidence for that family, not a cross-domain or browser certification."
product/ASK_COZY_CROSS_DOMAIN_INTERACTION_ROLLOUT_FRD.md,XRES-002,IMPLEMENTED_STATIC,Maintenance reference behavior satisfies the requirement in the currently traced operation family.,docs/architecture/ASK_COZY_PHASE1_COMPLETED_REFERENCE_REVERIFICATION.md; apps/backend/src/services/ask/askOrchestrator.service.ts; apps/frontend/src/features/ask/interactionDispatch.ts; apps/frontend/src/components/ask/MaintenanceResultList.tsx,60986af0,2026-09-24,"Phase 1 re-verification traces the maintenance reference implementation. This is static evidence for that family, not a cross-domain or browser certification."
product/ASK_COZY_CROSS_DOMAIN_INTERACTION_ROLLOUT_FRD.md,XRES-003,IMPLEMENTED_STATIC,Maintenance reference behavior satisfies the requirement in the currently traced operation family.,docs/architecture/ASK_COZY_PHASE1_COMPLETED_REFERENCE_REVERIFICATION.md; apps/backend/src/services/ask/askOrchestrator.service.ts; apps/frontend/src/features/ask/interactionDispatch.ts; apps/frontend/src/components/ask/MaintenanceResultList.tsx,60986af0,2026-09-24,"Phase 1 re-verification traces the maintenance reference implementation. This is static evidence for that family, not a cross-domain or browser certification."
product/ASK_COZY_CROSS_DOMAIN_INTERACTION_ROLLOUT_FRD.md,XRES-004,IMPLEMENTED_STATIC,Maintenance reference behavior satisfies the requirement in the currently traced operation family.,docs/architecture/ASK_COZY_PHASE1_COMPLETED_REFERENCE_REVERIFICATION.md; apps/backend/src/services/ask/askOrchestrator.service.ts; apps/frontend/src/features/ask/interactionDispatch.ts; apps/frontend/src/components/ask/MaintenanceResultList.tsx,60986af0,2026-09-24,"Phase 1 re-verification traces the maintenance reference implementation. This is static evidence for that family, not a cross-domain or browser certification."
product/ASK_COZY_CROSS_DOMAIN_INTERACTION_ROLLOUT_FRD.md,XSEC-001,IMPLEMENTED_STATIC,Maintenance reference behavior satisfies the requirement in the currently traced operation family.,docs/architecture/ASK_COZY_PHASE1_COMPLETED_REFERENCE_REVERIFICATION.md; apps/backend/src/services/ask/askOrchestrator.service.ts; apps/frontend/src/features/ask/interactionDispatch.ts; apps/frontend/src/components/ask/MaintenanceResultList.tsx,60986af0,2026-09-24,"Phase 1 re-verification traces the maintenance reference implementation. This is static evidence for that family, not a cross-domain or browser certification."
product/ASK_COZY_INLINE_WORKSPACE_FRD.md,IW-CAP-001,PARTIAL,"Complete scope. Every registered capability that can appear as an Ask Cozy card is in scope, including discovery matches, related capabilities, next actions, and context-specific/workflow-only recommendations. Home Event Radar and Home Capital Timeline are reference cases, not an exhaustive list. Availability and recommendation mode determine which cards a homeowner sees; neither is an exemption from inline review.",apps/backend/src/services/ask/; apps/backend/tests/ask/askInteractionCoverageMatrix.test.js; apps/backend/tests/ask/askLaunchContextCapability.test.js; apps/backend/tests/ask/correctionHandlersRuntime.test.js; apps/backend/tests/ask/askSessionHistoryPagination.test.js; apps/backend/tests/ask/maintenanceViewStateContinuity.test.js; apps/backend/tests/ask/captureConfirmWriteSafety.test.js; docs/library/ASK_INLINE_COVERAGE.md; apps/frontend/src/features/ask/; apps/frontend/src/components/ask/; apps/frontend/src/features/ask/__tests__/; apps/frontend/src/components/ask/__tests__/; docs/library/ASK_INLINE_COVERAGE.md,42b9098f,2026-09-24,"Registry/launch tests passed, but not every capability has complete inline read-through-write parity. Executed 195 frontend and 147 backend focused tests successfully against repository commit `42b9098f`."
product/ASK_COZY_INLINE_WORKSPACE_FRD.md,IW-CAP-002,PARTIAL,"Typed primary action. A launchable card declares its capability ID, source session/execution/result/block, property scope, readiness, and a registered inline operation or workflow target with required inputs. Its primary click invokes that target inside Ask using the §10 interaction contract. A route template or `href` alone is not an inline action. The existing traditional route remains an explicitly labeled secondary choice with §8 return context.",apps/backend/src/services/ask/; apps/backend/tests/ask/askInteractionCoverageMatrix.test.js; apps/backend/tests/ask/askLaunchContextCapability.test.js; apps/backend/tests/ask/correctionHandlersRuntime.test.js; apps/backend/tests/ask/askSessionHistoryPagination.test.js; apps/backend/tests/ask/maintenanceViewStateContinuity.test.js; apps/backend/tests/ask/captureConfirmWriteSafety.test.js; docs/library/ASK_INLINE_COVERAGE.md; apps/frontend/src/features/ask/; apps/frontend/src/components/ask/; apps/frontend/src/features/ask/__tests__/; apps/frontend/src/components/ask/__tests__/; docs/library/ASK_INLINE_COVERAGE.md,42b9098f,2026-09-24,"Registry/launch tests passed, but not every capability has complete inline read-through-write parity. Executed 195 frontend and 147 backend focused tests successfully against repository commit `42b9098f`."
product/ASK_COZY_INLINE_WORKSPACE_FRD.md,IW-CAP-003,PARTIAL,"Truthful incomplete state. When the normal outcome is not yet inline-complete, the coverage matrix names the missing operations and current boundary. The card must not imply an inline journey exists, silently use the full-page route as its primary inline action, or convert an arbitrary route into an embedded page. Any necessary handoff follows §§9.2–9.3; an unavailable capability remains non-actionable.",apps/backend/src/services/ask/; apps/backend/tests/ask/askInteractionCoverageMatrix.test.js; apps/backend/tests/ask/askLaunchContextCapability.test.js; apps/backend/tests/ask/correctionHandlersRuntime.test.js; apps/backend/tests/ask/askSessionHistoryPagination.test.js; apps/backend/tests/ask/maintenanceViewStateContinuity.test.js; apps/backend/tests/ask/captureConfirmWriteSafety.test.js; docs/library/ASK_INLINE_COVERAGE.md; apps/frontend/src/features/ask/; apps/frontend/src/components/ask/; apps/frontend/src/features/ask/__tests__/; apps/frontend/src/components/ask/__tests__/; docs/library/ASK_INLINE_COVERAGE.md,42b9098f,2026-09-24,"Registry/launch tests passed, but not every capability has complete inline read-through-write parity. Executed 195 frontend and 147 backend focused tests successfully against repository commit `42b9098f`."
product/ASK_COZY_INLINE_WORKSPACE_FRD.md,IW-CAP-004,TARGET,"Each inline-capable journey meets §19 across read, selection, refinement, write, receipt, and recovery before it is called inline-complete.",,,2026-09-22,Approved target; delivery must be assessed per capability. Do not infer completeness from an inline launch alone.
product/ASK_COZY_INLINE_WORKSPACE_FRD.md,IW-CONF-001,PARTIAL,IW-CONF-001: Material writes use the existing Ask confirmation and receipt path unless an authoritative domain requirement explicitly permits direct execution.,apps/backend/src/services/ask/; apps/backend/tests/ask/askInteractionCoverageMatrix.test.js; apps/backend/tests/ask/askLaunchContextCapability.test.js; apps/backend/tests/ask/correctionHandlersRuntime.test.js; apps/backend/tests/ask/askSessionHistoryPagination.test.js; apps/backend/tests/ask/maintenanceViewStateContinuity.test.js; apps/backend/tests/ask/captureConfirmWriteSafety.test.js; docs/library/ASK_INLINE_COVERAGE.md; apps/frontend/src/features/ask/; apps/frontend/src/components/ask/; apps/frontend/src/features/ask/__tests__/; apps/frontend/src/components/ask/__tests__/; docs/library/ASK_INLINE_COVERAGE.md,42b9098f,2026-09-24,Focused handlers cover confirmation safety and retries; not every domain operation is runtime-tested. Executed 195 frontend and 147 backend focused tests successfully against repository commit `42b9098f`.
product/ASK_COZY_INLINE_WORKSPACE_FRD.md,IW-CONF-002,PARTIAL,"IW-CONF-002: Confirmation names the exact property, target, operation, material inputs, consequences, and expiration/version state.",apps/backend/src/services/ask/; apps/backend/tests/ask/askInteractionCoverageMatrix.test.js; apps/backend/tests/ask/askLaunchContextCapability.test.js; apps/backend/tests/ask/correctionHandlersRuntime.test.js; apps/backend/tests/ask/askSessionHistoryPagination.test.js; apps/backend/tests/ask/maintenanceViewStateContinuity.test.js; apps/backend/tests/ask/captureConfirmWriteSafety.test.js; docs/library/ASK_INLINE_COVERAGE.md; apps/frontend/src/features/ask/; apps/frontend/src/components/ask/; apps/frontend/src/features/ask/__tests__/; apps/frontend/src/components/ask/__tests__/; docs/library/ASK_INLINE_COVERAGE.md,42b9098f,2026-09-24,Focused handlers cover confirmation safety and retries; not every domain operation is runtime-tested. Executed 195 frontend and 147 backend focused tests successfully against repository commit `42b9098f`.
product/ASK_COZY_INLINE_WORKSPACE_FRD.md,IW-CONF-003,PARTIAL,"IW-CONF-003: Confirmation rechecks access, operation availability, target ownership, current version, and required context.",apps/backend/src/services/ask/; apps/backend/tests/ask/askInteractionCoverageMatrix.test.js; apps/backend/tests/ask/askLaunchContextCapability.test.js; apps/backend/tests/ask/correctionHandlersRuntime.test.js; apps/backend/tests/ask/askSessionHistoryPagination.test.js; apps/backend/tests/ask/maintenanceViewStateContinuity.test.js; apps/backend/tests/ask/captureConfirmWriteSafety.test.js; docs/library/ASK_INLINE_COVERAGE.md; apps/frontend/src/features/ask/; apps/frontend/src/components/ask/; apps/frontend/src/features/ask/__tests__/; apps/frontend/src/components/ask/__tests__/; docs/library/ASK_INLINE_COVERAGE.md,42b9098f,2026-09-24,Focused handlers cover confirmation safety and retries; not every domain operation is runtime-tested. Executed 195 frontend and 147 backend focused tests successfully against repository commit `42b9098f`.
product/ASK_COZY_INLINE_WORKSPACE_FRD.md,IW-CONF-004,PARTIAL,"IW-CONF-004: Double submission, retry after lost response, and concurrent edits produce at most one authorized domain effect.",apps/backend/src/services/ask/; apps/backend/tests/ask/askInteractionCoverageMatrix.test.js; apps/backend/tests/ask/askLaunchContextCapability.test.js; apps/backend/tests/ask/correctionHandlersRuntime.test.js; apps/backend/tests/ask/askSessionHistoryPagination.test.js; apps/backend/tests/ask/maintenanceViewStateContinuity.test.js; apps/backend/tests/ask/captureConfirmWriteSafety.test.js; docs/library/ASK_INLINE_COVERAGE.md; apps/frontend/src/features/ask/; apps/frontend/src/components/ask/; apps/frontend/src/features/ask/__tests__/; apps/frontend/src/components/ask/__tests__/; docs/library/ASK_INLINE_COVERAGE.md,42b9098f,2026-09-24,Focused handlers cover confirmation safety and retries; not every domain operation is runtime-tested. Executed 195 frontend and 147 backend focused tests successfully against repository commit `42b9098f`.
product/ASK_COZY_INLINE_WORKSPACE_FRD.md,IW-CONF-005,PARTIAL,IW-CONF-005: Canceling a pending proposal does not imply reversal of an already-completed domain operation.,apps/backend/src/services/ask/; apps/backend/tests/ask/askInteractionCoverageMatrix.test.js; apps/backend/tests/ask/askLaunchContextCapability.test.js; apps/backend/tests/ask/correctionHandlersRuntime.test.js; apps/backend/tests/ask/askSessionHistoryPagination.test.js; apps/backend/tests/ask/maintenanceViewStateContinuity.test.js; apps/backend/tests/ask/captureConfirmWriteSafety.test.js; docs/library/ASK_INLINE_COVERAGE.md; apps/frontend/src/features/ask/; apps/frontend/src/components/ask/; apps/frontend/src/features/ask/__tests__/; apps/frontend/src/components/ask/__tests__/; docs/library/ASK_INLINE_COVERAGE.md,42b9098f,2026-09-24,Focused handlers cover confirmation safety and retries; not every domain operation is runtime-tested. Executed 195 frontend and 147 backend focused tests successfully against repository commit `42b9098f`.
product/ASK_COZY_INLINE_WORKSPACE_FRD.md,IW-CONF-006,PARTIAL,"IW-CONF-006: A receipt distinguishes completed, already completed by this execution, changed elsewhere, rejected, failed, and unknown outcome.",apps/backend/src/services/ask/; apps/backend/tests/ask/askInteractionCoverageMatrix.test.js; apps/backend/tests/ask/askLaunchContextCapability.test.js; apps/backend/tests/ask/correctionHandlersRuntime.test.js; apps/backend/tests/ask/askSessionHistoryPagination.test.js; apps/backend/tests/ask/maintenanceViewStateContinuity.test.js; apps/backend/tests/ask/captureConfirmWriteSafety.test.js; docs/library/ASK_INLINE_COVERAGE.md; apps/frontend/src/features/ask/; apps/frontend/src/components/ask/; apps/frontend/src/features/ask/__tests__/; apps/frontend/src/components/ask/__tests__/; docs/library/ASK_INLINE_COVERAGE.md,42b9098f,2026-09-24,Focused handlers cover confirmation safety and retries; not every domain operation is runtime-tested. Executed 195 frontend and 147 backend focused tests successfully against repository commit `42b9098f`.
product/ASK_COZY_INLINE_WORKSPACE_FRD.md,IW-CONF-007,PARTIAL,"IW-CONF-007: When a domain supports correction or reversal, Ask invokes that declared domain behavior. It must not invent a generic undo action.",apps/backend/src/services/ask/; apps/backend/tests/ask/askInteractionCoverageMatrix.test.js; apps/backend/tests/ask/askLaunchContextCapability.test.js; apps/backend/tests/ask/correctionHandlersRuntime.test.js; apps/backend/tests/ask/askSessionHistoryPagination.test.js; apps/backend/tests/ask/maintenanceViewStateContinuity.test.js; apps/backend/tests/ask/captureConfirmWriteSafety.test.js; docs/library/ASK_INLINE_COVERAGE.md; apps/frontend/src/features/ask/; apps/frontend/src/components/ask/; apps/frontend/src/features/ask/__tests__/; apps/frontend/src/components/ask/__tests__/; docs/library/ASK_INLINE_COVERAGE.md,42b9098f,2026-09-24,Focused handlers cover confirmation safety and retries; not every domain operation is runtime-tested. Executed 195 frontend and 147 backend focused tests successfully against repository commit `42b9098f`.
product/ASK_COZY_INLINE_WORKSPACE_FRD.md,IW-DESK-001,PARTIAL,IW-DESK-001: The full Ask page supports a conversation column and an expandable contextual workspace when structured work benefits from additional width.,apps/frontend/src/features/ask/; apps/frontend/src/components/ask/; apps/frontend/src/features/ask/__tests__/; apps/frontend/src/components/ask/__tests__/; docs/library/ASK_INLINE_COVERAGE.md; apps/backend/src/services/ask/; apps/backend/tests/ask/askInteractionCoverageMatrix.test.js; apps/backend/tests/ask/askLaunchContextCapability.test.js; apps/backend/tests/ask/correctionHandlersRuntime.test.js; apps/backend/tests/ask/askSessionHistoryPagination.test.js; apps/backend/tests/ask/maintenanceViewStateContinuity.test.js; apps/backend/tests/ask/captureConfirmWriteSafety.test.js; docs/library/ASK_INLINE_COVERAGE.md,42b9098f,2026-09-24,"Inline detail and context behavior have focused tests; full promotion, rail, focus and refresh behavior is not covered. Executed 195 frontend and 147 backend focused tests successfully against repository commit `42b9098f`."
product/ASK_COZY_INLINE_WORKSPACE_FRD.md,IW-DESK-002,PARTIAL,IW-DESK-002: Opening inline detail must not replace or erase the conversation. The homeowner can see the originating result or return to it without rerunning the query.,apps/frontend/src/features/ask/; apps/frontend/src/components/ask/; apps/frontend/src/features/ask/__tests__/; apps/frontend/src/components/ask/__tests__/; docs/library/ASK_INLINE_COVERAGE.md; apps/backend/src/services/ask/; apps/backend/tests/ask/askInteractionCoverageMatrix.test.js; apps/backend/tests/ask/askLaunchContextCapability.test.js; apps/backend/tests/ask/correctionHandlersRuntime.test.js; apps/backend/tests/ask/askSessionHistoryPagination.test.js; apps/backend/tests/ask/maintenanceViewStateContinuity.test.js; apps/backend/tests/ask/captureConfirmWriteSafety.test.js; docs/library/ASK_INLINE_COVERAGE.md,42b9098f,2026-09-24,"Inline detail and context behavior have focused tests; full promotion, rail, focus and refresh behavior is not covered. Executed 195 frontend and 147 backend focused tests successfully against repository commit `42b9098f`."
product/ASK_COZY_INLINE_WORKSPACE_FRD.md,IW-DESK-003,PARTIAL,"IW-DESK-003: Dense comparisons, tables, document previews, and longer forms may expand within the Ask route. They must not require a domain-page transition solely because they need space.",apps/frontend/src/features/ask/; apps/frontend/src/components/ask/; apps/frontend/src/features/ask/__tests__/; apps/frontend/src/components/ask/__tests__/; docs/library/ASK_INLINE_COVERAGE.md; apps/backend/src/services/ask/; apps/backend/tests/ask/askInteractionCoverageMatrix.test.js; apps/backend/tests/ask/askLaunchContextCapability.test.js; apps/backend/tests/ask/correctionHandlersRuntime.test.js; apps/backend/tests/ask/askSessionHistoryPagination.test.js; apps/backend/tests/ask/maintenanceViewStateContinuity.test.js; apps/backend/tests/ask/captureConfirmWriteSafety.test.js; docs/library/ASK_INLINE_COVERAGE.md,42b9098f,2026-09-24,"Inline detail and context behavior have focused tests; full promotion, rail, focus and refresh behavior is not covered. Executed 195 frontend and 147 backend focused tests successfully against repository commit `42b9098f`."
product/ASK_COZY_INLINE_WORKSPACE_FRD.md,IW-DESK-004,PARTIAL,"IW-DESK-004: The floating panel may promote the user to the full Ask workspace when space is insufficient. That promotion is within Ask Cozy, carries the current session/workspace state, and is not a domain-page handoff.",apps/frontend/src/features/ask/; apps/frontend/src/components/ask/; apps/frontend/src/features/ask/__tests__/; apps/frontend/src/components/ask/__tests__/; docs/library/ASK_INLINE_COVERAGE.md; apps/backend/src/services/ask/; apps/backend/tests/ask/askInteractionCoverageMatrix.test.js; apps/backend/tests/ask/askLaunchContextCapability.test.js; apps/backend/tests/ask/correctionHandlersRuntime.test.js; apps/backend/tests/ask/askSessionHistoryPagination.test.js; apps/backend/tests/ask/maintenanceViewStateContinuity.test.js; apps/backend/tests/ask/captureConfirmWriteSafety.test.js; docs/library/ASK_INLINE_COVERAGE.md,42b9098f,2026-09-24,"Inline detail and context behavior have focused tests; full promotion, rail, focus and refresh behavior is not covered. Executed 195 frontend and 147 backend focused tests successfully against repository commit `42b9098f`."
product/ASK_COZY_INLINE_WORKSPACE_FRD.md,IW-DESK-005,PARTIAL,"IW-DESK-005: The composer remains reachable while inspecting non-modal content. Focus order follows conversation, current workspace, and composer semantics rather than visual column position alone.",apps/frontend/src/features/ask/; apps/frontend/src/components/ask/; apps/frontend/src/features/ask/__tests__/; apps/frontend/src/components/ask/__tests__/; docs/library/ASK_INLINE_COVERAGE.md; apps/backend/src/services/ask/; apps/backend/tests/ask/askInteractionCoverageMatrix.test.js; apps/backend/tests/ask/askLaunchContextCapability.test.js; apps/backend/tests/ask/correctionHandlersRuntime.test.js; apps/backend/tests/ask/askSessionHistoryPagination.test.js; apps/backend/tests/ask/maintenanceViewStateContinuity.test.js; apps/backend/tests/ask/captureConfirmWriteSafety.test.js; docs/library/ASK_INLINE_COVERAGE.md,42b9098f,2026-09-24,"Inline detail and context behavior have focused tests; full promotion, rail, focus and refresh behavior is not covered. Executed 195 frontend and 147 backend focused tests successfully against repository commit `42b9098f`."
product/ASK_COZY_INLINE_WORKSPACE_FRD.md,IW-DESK-006,PARTIAL,"IW-DESK-006: On sufficiently wide screens, the Ask conversation rail remains visible while the active conversation is open. The active item, New conversation, search, and recent/pinned groups are reachable without returning to the landing surface.",apps/frontend/src/features/ask/; apps/frontend/src/components/ask/; apps/frontend/src/features/ask/__tests__/; apps/frontend/src/components/ask/__tests__/; docs/library/ASK_INLINE_COVERAGE.md; apps/backend/src/services/ask/; apps/backend/tests/ask/askInteractionCoverageMatrix.test.js; apps/backend/tests/ask/askLaunchContextCapability.test.js; apps/backend/tests/ask/correctionHandlersRuntime.test.js; apps/backend/tests/ask/askSessionHistoryPagination.test.js; apps/backend/tests/ask/maintenanceViewStateContinuity.test.js; apps/backend/tests/ask/captureConfirmWriteSafety.test.js; docs/library/ASK_INLINE_COVERAGE.md,42b9098f,2026-09-24,"Inline detail and context behavior have focused tests; full promotion, rail, focus and refresh behavior is not covered. Executed 195 frontend and 147 backend focused tests successfully against repository commit `42b9098f`."
product/ASK_COZY_INLINE_WORKSPACE_FRD.md,IW-DESK-007,PARTIAL,"IW-DESK-007: When both application and conversation navigation are present, the shell preserves useful conversation width through compact/collapsible rails. It does not solve width pressure by navigating structured results to traditional domain pages.",apps/frontend/src/features/ask/; apps/frontend/src/components/ask/; apps/frontend/src/features/ask/__tests__/; apps/frontend/src/components/ask/__tests__/; docs/library/ASK_INLINE_COVERAGE.md; apps/backend/src/services/ask/; apps/backend/tests/ask/askInteractionCoverageMatrix.test.js; apps/backend/tests/ask/askLaunchContextCapability.test.js; apps/backend/tests/ask/correctionHandlersRuntime.test.js; apps/backend/tests/ask/askSessionHistoryPagination.test.js; apps/backend/tests/ask/maintenanceViewStateContinuity.test.js; apps/backend/tests/ask/captureConfirmWriteSafety.test.js; docs/library/ASK_INLINE_COVERAGE.md,42b9098f,2026-09-24,"Inline detail and context behavior have focused tests; full promotion, rail, focus and refresh behavior is not covered. Executed 195 frontend and 147 backend focused tests successfully against repository commit `42b9098f`."
product/ASK_COZY_INLINE_WORKSPACE_FRD.md,IW-DESK-008,PARTIAL,IW-DESK-008: The optional contextual information panel opens alongside the conversation only when enough width remains; otherwise it overlays or replaces the workspace level with a clear in-Ask back action.,apps/frontend/src/features/ask/; apps/frontend/src/components/ask/; apps/frontend/src/features/ask/__tests__/; apps/frontend/src/components/ask/__tests__/; docs/library/ASK_INLINE_COVERAGE.md; apps/backend/src/services/ask/; apps/backend/tests/ask/askInteractionCoverageMatrix.test.js; apps/backend/tests/ask/askLaunchContextCapability.test.js; apps/backend/tests/ask/correctionHandlersRuntime.test.js; apps/backend/tests/ask/askSessionHistoryPagination.test.js; apps/backend/tests/ask/maintenanceViewStateContinuity.test.js; apps/backend/tests/ask/captureConfirmWriteSafety.test.js; docs/library/ASK_INLINE_COVERAGE.md,42b9098f,2026-09-24,"Inline detail and context behavior have focused tests; full promotion, rail, focus and refresh behavior is not covered. Executed 195 frontend and 147 backend focused tests successfully against repository commit `42b9098f`."
product/ASK_COZY_INLINE_WORKSPACE_FRD.md,IW-DESK-009,PARTIAL,"IW-DESK-009: Rail collapse state, active conversation, and optional context-panel state survive ordinary navigation and refresh where safe without overriding an explicit user preference.",apps/frontend/src/features/ask/; apps/frontend/src/components/ask/; apps/frontend/src/features/ask/__tests__/; apps/frontend/src/components/ask/__tests__/; docs/library/ASK_INLINE_COVERAGE.md; apps/backend/src/services/ask/; apps/backend/tests/ask/askInteractionCoverageMatrix.test.js; apps/backend/tests/ask/askLaunchContextCapability.test.js; apps/backend/tests/ask/correctionHandlersRuntime.test.js; apps/backend/tests/ask/askSessionHistoryPagination.test.js; apps/backend/tests/ask/maintenanceViewStateContinuity.test.js; apps/backend/tests/ask/captureConfirmWriteSafety.test.js; docs/library/ASK_INLINE_COVERAGE.md,42b9098f,2026-09-24,"Inline detail and context behavior have focused tests; full promotion, rail, focus and refresh behavior is not covered. Executed 195 frontend and 147 backend focused tests successfully against repository commit `42b9098f`."
product/ASK_COZY_INLINE_WORKSPACE_FRD.md,IW-FRESH-001,PARTIAL,"IW-FRESH-001: Revalidate on explicit refresh, known local mutation, return from an optional edit, access change, and before preparing or executing a write.",apps/backend/src/services/ask/; apps/backend/tests/ask/askInteractionCoverageMatrix.test.js; apps/backend/tests/ask/askLaunchContextCapability.test.js; apps/backend/tests/ask/correctionHandlersRuntime.test.js; apps/backend/tests/ask/askSessionHistoryPagination.test.js; apps/backend/tests/ask/maintenanceViewStateContinuity.test.js; apps/backend/tests/ask/captureConfirmWriteSafety.test.js; docs/library/ASK_INLINE_COVERAGE.md; apps/frontend/src/features/ask/; apps/frontend/src/components/ask/; apps/frontend/src/features/ask/__tests__/; apps/frontend/src/components/ask/__tests__/; docs/library/ASK_INLINE_COVERAGE.md,42b9098f,2026-09-24,"Stale checks, idempotency and selected reconciliation paths are tested; cross-result reconciliation remains incomplete. Executed 195 frontend and 147 backend focused tests successfully against repository commit `42b9098f`."
product/ASK_COZY_INLINE_WORKSPACE_FRD.md,IW-FRESH-002,PARTIAL,"IW-FRESH-002: If the target changed after review, invalidate the proposal and show the current state. Never substitute a similar entity.",apps/backend/src/services/ask/; apps/backend/tests/ask/askInteractionCoverageMatrix.test.js; apps/backend/tests/ask/askLaunchContextCapability.test.js; apps/backend/tests/ask/correctionHandlersRuntime.test.js; apps/backend/tests/ask/askSessionHistoryPagination.test.js; apps/backend/tests/ask/maintenanceViewStateContinuity.test.js; apps/backend/tests/ask/captureConfirmWriteSafety.test.js; docs/library/ASK_INLINE_COVERAGE.md; apps/frontend/src/features/ask/; apps/frontend/src/components/ask/; apps/frontend/src/features/ask/__tests__/; apps/frontend/src/components/ask/__tests__/; docs/library/ASK_INLINE_COVERAGE.md,42b9098f,2026-09-24,"Stale checks, idempotency and selected reconciliation paths are tested; cross-result reconciliation remains incomplete. Executed 195 frontend and 147 backend focused tests successfully against repository commit `42b9098f`."
product/ASK_COZY_INLINE_WORKSPACE_FRD.md,IW-FRESH-003,PARTIAL,"IW-FRESH-003: Successful writes reconcile every visible result whose membership, status, totals, next actions, or dependent state may have changed, or mark it stale with a clear recovery action.",apps/backend/src/services/ask/; apps/backend/tests/ask/askInteractionCoverageMatrix.test.js; apps/backend/tests/ask/askLaunchContextCapability.test.js; apps/backend/tests/ask/correctionHandlersRuntime.test.js; apps/backend/tests/ask/askSessionHistoryPagination.test.js; apps/backend/tests/ask/maintenanceViewStateContinuity.test.js; apps/backend/tests/ask/captureConfirmWriteSafety.test.js; docs/library/ASK_INLINE_COVERAGE.md; apps/frontend/src/features/ask/; apps/frontend/src/components/ask/; apps/frontend/src/features/ask/__tests__/; apps/frontend/src/components/ask/__tests__/; docs/library/ASK_INLINE_COVERAGE.md,42b9098f,2026-09-24,"Stale checks, idempotency and selected reconciliation paths are tested; cross-result reconciliation remains incomplete. Executed 195 frontend and 147 backend focused tests successfully against repository commit `42b9098f`."
product/ASK_COZY_INLINE_WORKSPACE_FRD.md,IW-FRESH-004,PARTIAL,"IW-FRESH-004: If a write succeeds but reconciliation fails, retain a truthful success receipt and offer read-only recovery. Never invite repeating the mutation.",apps/backend/src/services/ask/; apps/backend/tests/ask/askInteractionCoverageMatrix.test.js; apps/backend/tests/ask/askLaunchContextCapability.test.js; apps/backend/tests/ask/correctionHandlersRuntime.test.js; apps/backend/tests/ask/askSessionHistoryPagination.test.js; apps/backend/tests/ask/maintenanceViewStateContinuity.test.js; apps/backend/tests/ask/captureConfirmWriteSafety.test.js; docs/library/ASK_INLINE_COVERAGE.md; apps/frontend/src/features/ask/; apps/frontend/src/components/ask/; apps/frontend/src/features/ask/__tests__/; apps/frontend/src/components/ask/__tests__/; docs/library/ASK_INLINE_COVERAGE.md,42b9098f,2026-09-24,"Stale checks, idempotency and selected reconciliation paths are tested; cross-result reconciliation remains incomplete. Executed 195 frontend and 147 backend focused tests successfully against repository commit `42b9098f`."
product/ASK_COZY_INLINE_WORKSPACE_FRD.md,IW-FRESH-005,PARTIAL,IW-FRESH-005: Changes made through traditional pages are reflected in Ask Cozy after return/refresh; changes made through Ask Cozy are reflected in traditional pages because both use canonical data.,apps/backend/src/services/ask/; apps/backend/tests/ask/askInteractionCoverageMatrix.test.js; apps/backend/tests/ask/askLaunchContextCapability.test.js; apps/backend/tests/ask/correctionHandlersRuntime.test.js; apps/backend/tests/ask/askSessionHistoryPagination.test.js; apps/backend/tests/ask/maintenanceViewStateContinuity.test.js; apps/backend/tests/ask/captureConfirmWriteSafety.test.js; docs/library/ASK_INLINE_COVERAGE.md; apps/frontend/src/features/ask/; apps/frontend/src/components/ask/; apps/frontend/src/features/ask/__tests__/; apps/frontend/src/components/ask/__tests__/; docs/library/ASK_INLINE_COVERAGE.md,42b9098f,2026-09-24,"Stale checks, idempotency and selected reconciliation paths are tested; cross-result reconciliation remains incomplete. Executed 195 frontend and 147 backend focused tests successfully against repository commit `42b9098f`."
product/ASK_COZY_INLINE_WORKSPACE_FRD.md,IW-HIST-001,PARTIAL,New conversation. A prominent “New conversation” control is available from the history rail and mobile history drawer. Starting a new conversation never deletes or modifies the current conversation and focuses the empty composer.,apps/frontend/src/features/ask/; apps/frontend/src/components/ask/; apps/frontend/src/features/ask/__tests__/; apps/frontend/src/components/ask/__tests__/; docs/library/ASK_INLINE_COVERAGE.md; apps/backend/src/services/ask/; apps/backend/tests/ask/askInteractionCoverageMatrix.test.js; apps/backend/tests/ask/askLaunchContextCapability.test.js; apps/backend/tests/ask/correctionHandlersRuntime.test.js; apps/backend/tests/ask/askSessionHistoryPagination.test.js; apps/backend/tests/ask/maintenanceViewStateContinuity.test.js; apps/backend/tests/ask/captureConfirmWriteSafety.test.js; docs/library/ASK_INLINE_COVERAGE.md,42b9098f,2026-09-24,"Pagination, search, grouping and continuity have focused tests; all management, offline and accessibility cases are not covered. Executed 195 frontend and 147 backend focused tests successfully against repository commit `42b9098f`."
product/ASK_COZY_INLINE_WORKSPACE_FRD.md,IW-HIST-002,PARTIAL,Persistent recents. The history rail remains reachable while a conversation is active and identifies the active conversation. The target experience must not impose the current baseline's five-session/seven-day display limit; it uses bounded pagination or incremental loading under a documented retention policy.,apps/frontend/src/features/ask/; apps/frontend/src/components/ask/; apps/frontend/src/features/ask/__tests__/; apps/frontend/src/components/ask/__tests__/; docs/library/ASK_INLINE_COVERAGE.md; apps/backend/src/services/ask/; apps/backend/tests/ask/askInteractionCoverageMatrix.test.js; apps/backend/tests/ask/askLaunchContextCapability.test.js; apps/backend/tests/ask/correctionHandlersRuntime.test.js; apps/backend/tests/ask/askSessionHistoryPagination.test.js; apps/backend/tests/ask/maintenanceViewStateContinuity.test.js; apps/backend/tests/ask/captureConfirmWriteSafety.test.js; docs/library/ASK_INLINE_COVERAGE.md,42b9098f,2026-09-24,"Pagination, search, grouping and continuity have focused tests; all management, offline and accessibility cases are not covered. Executed 195 frontend and 147 backend focused tests successfully against repository commit `42b9098f`."
product/ASK_COZY_INLINE_WORKSPACE_FRD.md,IW-HIST-003,PARTIAL,"Meaningful grouping. Recent conversations are ordered by most recent activity and may be grouped into human-readable periods such as Today, Yesterday, Previous 7 days, and Older. Pinned conversations remain in a distinct stable group. Group labels must derive from the homeowner's locale and timezone.",apps/frontend/src/features/ask/; apps/frontend/src/components/ask/; apps/frontend/src/features/ask/__tests__/; apps/frontend/src/components/ask/__tests__/; docs/library/ASK_INLINE_COVERAGE.md; apps/backend/src/services/ask/; apps/backend/tests/ask/askInteractionCoverageMatrix.test.js; apps/backend/tests/ask/askLaunchContextCapability.test.js; apps/backend/tests/ask/correctionHandlersRuntime.test.js; apps/backend/tests/ask/askSessionHistoryPagination.test.js; apps/backend/tests/ask/maintenanceViewStateContinuity.test.js; apps/backend/tests/ask/captureConfirmWriteSafety.test.js; docs/library/ASK_INLINE_COVERAGE.md,42b9098f,2026-09-24,"Pagination, search, grouping and continuity have focused tests; all management, offline and accessibility cases are not covered. Executed 195 frontend and 147 backend focused tests successfully against repository commit `42b9098f`."
product/ASK_COZY_INLINE_WORKSPACE_FRD.md,IW-HIST-004,PARTIAL,"Search and filtering. Homeowners can search conversations by title and indexed user-visible conversation content permitted by the privacy policy. When multiple properties are authorized, the rail provides “This home” and “All homes” scope or an equivalent clear filter. Search results display property scope and must never include inaccessible sessions.",apps/frontend/src/features/ask/; apps/frontend/src/components/ask/; apps/frontend/src/features/ask/__tests__/; apps/frontend/src/components/ask/__tests__/; docs/library/ASK_INLINE_COVERAGE.md; apps/backend/src/services/ask/; apps/backend/tests/ask/askInteractionCoverageMatrix.test.js; apps/backend/tests/ask/askLaunchContextCapability.test.js; apps/backend/tests/ask/correctionHandlersRuntime.test.js; apps/backend/tests/ask/askSessionHistoryPagination.test.js; apps/backend/tests/ask/maintenanceViewStateContinuity.test.js; apps/backend/tests/ask/captureConfirmWriteSafety.test.js; docs/library/ASK_INLINE_COVERAGE.md,42b9098f,2026-09-24,"Pagination, search, grouping and continuity have focused tests; all management, offline and accessibility cases are not covered. Executed 195 frontend and 147 backend focused tests successfully against repository commit `42b9098f`."
product/ASK_COZY_INLINE_WORKSPACE_FRD.md,IW-HIST-005,PARTIAL,"Property identity. Every property-scoped conversation carries an unobtrusive but clear property name/address label when ambiguity is possible. A general, property-unscoped conversation is labeled accordingly. Opening a conversation restores its original property scope; it never silently retargets the conversation to the currently selected property.",apps/frontend/src/features/ask/; apps/frontend/src/components/ask/; apps/frontend/src/features/ask/__tests__/; apps/frontend/src/components/ask/__tests__/; docs/library/ASK_INLINE_COVERAGE.md; apps/backend/src/services/ask/; apps/backend/tests/ask/askInteractionCoverageMatrix.test.js; apps/backend/tests/ask/askLaunchContextCapability.test.js; apps/backend/tests/ask/correctionHandlersRuntime.test.js; apps/backend/tests/ask/askSessionHistoryPagination.test.js; apps/backend/tests/ask/maintenanceViewStateContinuity.test.js; apps/backend/tests/ask/captureConfirmWriteSafety.test.js; docs/library/ASK_INLINE_COVERAGE.md,42b9098f,2026-09-24,"Pagination, search, grouping and continuity have focused tests; all management, offline and accessibility cases are not covered. Executed 195 frontend and 147 backend focused tests successfully against repository commit `42b9098f`."
product/ASK_COZY_INLINE_WORKSPACE_FRD.md,IW-HIST-006,PARTIAL,"Access revalidation. Listing, searching, and opening history revalidates current user/session ownership and property access. Revoked property access removes or redacts the conversation immediately according to policy and never leaks title, snippet, pending status, or cached result content.",apps/frontend/src/features/ask/; apps/frontend/src/components/ask/; apps/frontend/src/features/ask/__tests__/; apps/frontend/src/components/ask/__tests__/; docs/library/ASK_INLINE_COVERAGE.md; apps/backend/src/services/ask/; apps/backend/tests/ask/askInteractionCoverageMatrix.test.js; apps/backend/tests/ask/askLaunchContextCapability.test.js; apps/backend/tests/ask/correctionHandlersRuntime.test.js; apps/backend/tests/ask/askSessionHistoryPagination.test.js; apps/backend/tests/ask/maintenanceViewStateContinuity.test.js; apps/backend/tests/ask/captureConfirmWriteSafety.test.js; docs/library/ASK_INLINE_COVERAGE.md,42b9098f,2026-09-24,"Pagination, search, grouping and continuity have focused tests; all management, offline and accessibility cases are not covered. Executed 195 frontend and 147 backend focused tests successfully against repository commit `42b9098f`."
product/ASK_COZY_INLINE_WORKSPACE_FRD.md,IW-HIST-007,PARTIAL,"Addressable sessions. The active session is represented in the Ask URL using an opaque identifier and supported property context. Opening a conversation, using browser back/forward, refreshing, or following an internal deep link restores the same authorized conversation without relying solely on tab-local storage.",apps/frontend/src/features/ask/; apps/frontend/src/components/ask/; apps/frontend/src/features/ask/__tests__/; apps/frontend/src/components/ask/__tests__/; docs/library/ASK_INLINE_COVERAGE.md; apps/backend/src/services/ask/; apps/backend/tests/ask/askInteractionCoverageMatrix.test.js; apps/backend/tests/ask/askLaunchContextCapability.test.js; apps/backend/tests/ask/correctionHandlersRuntime.test.js; apps/backend/tests/ask/askSessionHistoryPagination.test.js; apps/backend/tests/ask/maintenanceViewStateContinuity.test.js; apps/backend/tests/ask/captureConfirmWriteSafety.test.js; docs/library/ASK_INLINE_COVERAGE.md,42b9098f,2026-09-24,"Pagination, search, grouping and continuity have focused tests; all management, offline and accessibility cases are not covered. Executed 195 frontend and 147 backend focused tests successfully against repository commit `42b9098f`."
product/ASK_COZY_INLINE_WORKSPACE_FRD.md,IW-HIST-008,PARTIAL,"Exact restoration. Reopening a conversation restores supported transcript position, latest authoritative result views, selected entity, filter/sort/page, presentation mode, open workspace level, safe draft, and pending workflow state. Stale data is revalidated as required rather than presented as current merely because it was restored.",apps/frontend/src/features/ask/; apps/frontend/src/components/ask/; apps/frontend/src/features/ask/__tests__/; apps/frontend/src/components/ask/__tests__/; docs/library/ASK_INLINE_COVERAGE.md; apps/backend/src/services/ask/; apps/backend/tests/ask/askInteractionCoverageMatrix.test.js; apps/backend/tests/ask/askLaunchContextCapability.test.js; apps/backend/tests/ask/correctionHandlersRuntime.test.js; apps/backend/tests/ask/askSessionHistoryPagination.test.js; apps/backend/tests/ask/maintenanceViewStateContinuity.test.js; apps/backend/tests/ask/captureConfirmWriteSafety.test.js; docs/library/ASK_INLINE_COVERAGE.md,42b9098f,2026-09-24,"Pagination, search, grouping and continuity have focused tests; all management, offline and accessibility cases are not covered. Executed 195 frontend and 147 backend focused tests successfully against repository commit `42b9098f`."
product/ASK_COZY_INLINE_WORKSPACE_FRD.md,IW-HIST-013,PARTIAL,"Pending and running status. Conversations containing required input, pending confirmation, command recovery, or genuinely running work expose a concise status indicator in the rail. Status is based on authoritative workflow state, not inferred from title or elapsed time, and cannot imply background execution where none exists.",apps/frontend/src/features/ask/; apps/frontend/src/components/ask/; apps/frontend/src/features/ask/__tests__/; apps/frontend/src/components/ask/__tests__/; docs/library/ASK_INLINE_COVERAGE.md; apps/backend/src/services/ask/; apps/backend/tests/ask/askInteractionCoverageMatrix.test.js; apps/backend/tests/ask/askLaunchContextCapability.test.js; apps/backend/tests/ask/correctionHandlersRuntime.test.js; apps/backend/tests/ask/askSessionHistoryPagination.test.js; apps/backend/tests/ask/maintenanceViewStateContinuity.test.js; apps/backend/tests/ask/captureConfirmWriteSafety.test.js; docs/library/ASK_INLINE_COVERAGE.md,42b9098f,2026-09-24,"Pagination, search, grouping and continuity have focused tests; all management, offline and accessibility cases are not covered. Executed 195 frontend and 147 backend focused tests successfully against repository commit `42b9098f`."
product/ASK_COZY_INLINE_WORKSPACE_FRD.md,IW-HIST-015,PARTIAL,"Fast switching. Switching conversations preserves the outgoing safe draft and visible state, immediately marks the requested target, prevents stale in-flight responses from entering the newly active session, and provides a lightweight loading state without blanking the entire application shell.",apps/frontend/src/features/ask/; apps/frontend/src/components/ask/; apps/frontend/src/features/ask/__tests__/; apps/frontend/src/components/ask/__tests__/; docs/library/ASK_INLINE_COVERAGE.md; apps/backend/src/services/ask/; apps/backend/tests/ask/askInteractionCoverageMatrix.test.js; apps/backend/tests/ask/askLaunchContextCapability.test.js; apps/backend/tests/ask/correctionHandlersRuntime.test.js; apps/backend/tests/ask/askSessionHistoryPagination.test.js; apps/backend/tests/ask/maintenanceViewStateContinuity.test.js; apps/backend/tests/ask/captureConfirmWriteSafety.test.js; docs/library/ASK_INLINE_COVERAGE.md,42b9098f,2026-09-24,"Pagination, search, grouping and continuity have focused tests; all management, offline and accessibility cases are not covered. Executed 195 frontend and 147 backend focused tests successfully against repository commit `42b9098f`."
product/ASK_COZY_INLINE_WORKSPACE_FRD.md,IW-HIST-017,PARTIAL,"Empty, unavailable, and offline states. The rail distinguishes no conversations, no search matches, service unavailable, access removed, and connectivity failure. Existing visible history is not silently erased because a refresh failed.",apps/frontend/src/features/ask/; apps/frontend/src/components/ask/; apps/frontend/src/features/ask/__tests__/; apps/frontend/src/components/ask/__tests__/; docs/library/ASK_INLINE_COVERAGE.md; apps/backend/src/services/ask/; apps/backend/tests/ask/askInteractionCoverageMatrix.test.js; apps/backend/tests/ask/askLaunchContextCapability.test.js; apps/backend/tests/ask/correctionHandlersRuntime.test.js; apps/backend/tests/ask/askSessionHistoryPagination.test.js; apps/backend/tests/ask/maintenanceViewStateContinuity.test.js; apps/backend/tests/ask/captureConfirmWriteSafety.test.js; docs/library/ASK_INLINE_COVERAGE.md,42b9098f,2026-09-24,"Pagination, search, grouping and continuity have focused tests; all management, offline and accessibility cases are not covered. Executed 195 frontend and 147 backend focused tests successfully against repository commit `42b9098f`."
product/ASK_COZY_INLINE_WORKSPACE_FRD.md,IW-HIST-018,PARTIAL,"Keyboard and assistive navigation. The rail provides an accessible name, current-item semantics, predictable focus order, visible focus, non-color status communication, and keyboard access to search, conversation selection, pagination/loading, and session actions. Closing a mobile drawer returns focus to its trigger.",apps/frontend/src/features/ask/; apps/frontend/src/components/ask/; apps/frontend/src/features/ask/__tests__/; apps/frontend/src/components/ask/__tests__/; docs/library/ASK_INLINE_COVERAGE.md; apps/backend/src/services/ask/; apps/backend/tests/ask/askInteractionCoverageMatrix.test.js; apps/backend/tests/ask/askLaunchContextCapability.test.js; apps/backend/tests/ask/correctionHandlersRuntime.test.js; apps/backend/tests/ask/askSessionHistoryPagination.test.js; apps/backend/tests/ask/maintenanceViewStateContinuity.test.js; apps/backend/tests/ask/captureConfirmWriteSafety.test.js; docs/library/ASK_INLINE_COVERAGE.md,42b9098f,2026-09-24,"Pagination, search, grouping and continuity have focused tests; all management, offline and accessibility cases are not covered. Executed 195 frontend and 147 backend focused tests successfully against repository commit `42b9098f`."
product/ASK_COZY_INLINE_WORKSPACE_FRD.md,IW-INPUT-001,PARTIAL,IW-INPUT-001: Ask may collect information conversationally or through validated structured controls. A visible supported control must not force the homeowner to retype equivalent text.,apps/backend/src/services/ask/; apps/backend/tests/ask/askInteractionCoverageMatrix.test.js; apps/backend/tests/ask/askLaunchContextCapability.test.js; apps/backend/tests/ask/correctionHandlersRuntime.test.js; apps/backend/tests/ask/askSessionHistoryPagination.test.js; apps/backend/tests/ask/maintenanceViewStateContinuity.test.js; apps/backend/tests/ask/captureConfirmWriteSafety.test.js; docs/library/ASK_INLINE_COVERAGE.md; apps/frontend/src/features/ask/; apps/frontend/src/components/ask/; apps/frontend/src/features/ask/__tests__/; apps/frontend/src/components/ask/__tests__/; docs/library/ASK_INLINE_COVERAGE.md,42b9098f,2026-09-24,Implemented correction/capture handlers have runtime tests; the result does not cover every domain input family. Executed 195 frontend and 147 backend focused tests successfully against repository commit `42b9098f`.
product/ASK_COZY_INLINE_WORKSPACE_FRD.md,IW-INPUT-002,PARTIAL,"IW-INPUT-002: Required, optional, sensitive, applicability, calculation, scenario, preference, and workflow fields remain distinguishable.",apps/backend/src/services/ask/; apps/backend/tests/ask/askInteractionCoverageMatrix.test.js; apps/backend/tests/ask/askLaunchContextCapability.test.js; apps/backend/tests/ask/correctionHandlersRuntime.test.js; apps/backend/tests/ask/askSessionHistoryPagination.test.js; apps/backend/tests/ask/maintenanceViewStateContinuity.test.js; apps/backend/tests/ask/captureConfirmWriteSafety.test.js; docs/library/ASK_INLINE_COVERAGE.md; apps/frontend/src/features/ask/; apps/frontend/src/components/ask/; apps/frontend/src/features/ask/__tests__/; apps/frontend/src/components/ask/__tests__/; docs/library/ASK_INLINE_COVERAGE.md,42b9098f,2026-09-24,Implemented correction/capture handlers have runtime tests; the result does not cover every domain input family. Executed 195 frontend and 147 backend focused tests successfully against repository commit `42b9098f`.
product/ASK_COZY_INLINE_WORKSPACE_FRD.md,IW-INPUT-003,PARTIAL,"IW-INPUT-003: Validation is field-specific, retains entered values after recoverable failure, and never silently coerces invalid or ambiguous consequential input.",apps/backend/src/services/ask/; apps/backend/tests/ask/askInteractionCoverageMatrix.test.js; apps/backend/tests/ask/askLaunchContextCapability.test.js; apps/backend/tests/ask/correctionHandlersRuntime.test.js; apps/backend/tests/ask/askSessionHistoryPagination.test.js; apps/backend/tests/ask/maintenanceViewStateContinuity.test.js; apps/backend/tests/ask/captureConfirmWriteSafety.test.js; docs/library/ASK_INLINE_COVERAGE.md; apps/frontend/src/features/ask/; apps/frontend/src/components/ask/; apps/frontend/src/features/ask/__tests__/; apps/frontend/src/components/ask/__tests__/; docs/library/ASK_INLINE_COVERAGE.md,42b9098f,2026-09-24,Implemented correction/capture handlers have runtime tests; the result does not cover every domain input family. Executed 195 frontend and 147 backend focused tests successfully against repository commit `42b9098f`.
product/ASK_COZY_INLINE_WORKSPACE_FRD.md,IW-INPUT-004,PARTIAL,IW-INPUT-004: Editing a proposal creates a newly validated proposal version and invalidates prior consent.,apps/backend/src/services/ask/; apps/backend/tests/ask/askInteractionCoverageMatrix.test.js; apps/backend/tests/ask/askLaunchContextCapability.test.js; apps/backend/tests/ask/correctionHandlersRuntime.test.js; apps/backend/tests/ask/askSessionHistoryPagination.test.js; apps/backend/tests/ask/maintenanceViewStateContinuity.test.js; apps/backend/tests/ask/captureConfirmWriteSafety.test.js; docs/library/ASK_INLINE_COVERAGE.md; apps/frontend/src/features/ask/; apps/frontend/src/components/ask/; apps/frontend/src/features/ask/__tests__/; apps/frontend/src/components/ask/__tests__/; docs/library/ASK_INLINE_COVERAGE.md,42b9098f,2026-09-24,Implemented correction/capture handlers have runtime tests; the result does not cover every domain input family. Executed 195 frontend and 147 backend focused tests successfully against repository commit `42b9098f`.
product/ASK_COZY_INLINE_WORKSPACE_FRD.md,IW-INPUT-005,PARTIAL,IW-INPUT-005: Inline forms must use the same domain validation and canonical writer used by the corresponding traditional experience. UI parity does not authorize duplicated validation logic.,apps/backend/src/services/ask/; apps/backend/tests/ask/askInteractionCoverageMatrix.test.js; apps/backend/tests/ask/askLaunchContextCapability.test.js; apps/backend/tests/ask/correctionHandlersRuntime.test.js; apps/backend/tests/ask/askSessionHistoryPagination.test.js; apps/backend/tests/ask/maintenanceViewStateContinuity.test.js; apps/backend/tests/ask/captureConfirmWriteSafety.test.js; docs/library/ASK_INLINE_COVERAGE.md; apps/frontend/src/features/ask/; apps/frontend/src/components/ask/; apps/frontend/src/features/ask/__tests__/; apps/frontend/src/components/ask/__tests__/; docs/library/ASK_INLINE_COVERAGE.md,42b9098f,2026-09-24,Implemented correction/capture handlers have runtime tests; the result does not cover every domain input family. Executed 195 frontend and 147 backend focused tests successfully against repository commit `42b9098f`.
product/ASK_COZY_INLINE_WORKSPACE_FRD.md,IW-MAINT-001,PARTIAL,"IW-MAINT-001: Query, filter, sort, page/load more, refresh, and clear filters remain within the same stable Ask result.",apps/backend/src/services/ask/; apps/backend/tests/ask/askInteractionCoverageMatrix.test.js; apps/backend/tests/ask/askLaunchContextCapability.test.js; apps/backend/tests/ask/correctionHandlersRuntime.test.js; apps/backend/tests/ask/askSessionHistoryPagination.test.js; apps/backend/tests/ask/maintenanceViewStateContinuity.test.js; apps/backend/tests/ask/captureConfirmWriteSafety.test.js; docs/library/ASK_INLINE_COVERAGE.md; apps/frontend/src/features/ask/; apps/frontend/src/components/ask/; apps/frontend/src/features/ask/__tests__/; apps/frontend/src/components/ask/__tests__/; docs/library/ASK_INLINE_COVERAGE.md,42b9098f,2026-09-24,Maintenance view continuity and shared detail components are tested; full collection and reconciliation parity remains incomplete. Executed 195 frontend and 147 backend focused tests successfully against repository commit `42b9098f`.
product/ASK_COZY_INLINE_WORKSPACE_FRD.md,IW-MAINT-002,PARTIAL,IW-MAINT-002: Clicking a task title or row opens inline task detail. It does not navigate to `/dashboard/maintenance`.,apps/backend/src/services/ask/; apps/backend/tests/ask/askInteractionCoverageMatrix.test.js; apps/backend/tests/ask/askLaunchContextCapability.test.js; apps/backend/tests/ask/correctionHandlersRuntime.test.js; apps/backend/tests/ask/askSessionHistoryPagination.test.js; apps/backend/tests/ask/maintenanceViewStateContinuity.test.js; apps/backend/tests/ask/captureConfirmWriteSafety.test.js; docs/library/ASK_INLINE_COVERAGE.md; apps/frontend/src/features/ask/; apps/frontend/src/components/ask/; apps/frontend/src/features/ask/__tests__/; apps/frontend/src/components/ask/__tests__/; docs/library/ASK_INLINE_COVERAGE.md,42b9098f,2026-09-24,Maintenance view continuity and shared detail components are tested; full collection and reconciliation parity remains incomplete. Executed 195 frontend and 147 backend focused tests successfully against repository commit `42b9098f`.
product/ASK_COZY_INLINE_WORKSPACE_FRD.md,IW-MAINT-003,PARTIAL,"IW-MAINT-003: Inline detail shows available canonical title, description, status, priority, due/completion dates, recurrence, scope, cost, source, freshness, evidence, and permitted actions without inventing missing values.",apps/backend/src/services/ask/; apps/backend/tests/ask/askInteractionCoverageMatrix.test.js; apps/backend/tests/ask/askLaunchContextCapability.test.js; apps/backend/tests/ask/correctionHandlersRuntime.test.js; apps/backend/tests/ask/askSessionHistoryPagination.test.js; apps/backend/tests/ask/maintenanceViewStateContinuity.test.js; apps/backend/tests/ask/captureConfirmWriteSafety.test.js; docs/library/ASK_INLINE_COVERAGE.md; apps/frontend/src/features/ask/; apps/frontend/src/components/ask/; apps/frontend/src/features/ask/__tests__/; apps/frontend/src/components/ask/__tests__/; docs/library/ASK_INLINE_COVERAGE.md,42b9098f,2026-09-24,Maintenance view continuity and shared detail components are tested; full collection and reconciliation parity remains incomplete. Executed 195 frontend and 147 backend focused tests successfully against repository commit `42b9098f`.
product/ASK_COZY_INLINE_WORKSPACE_FRD.md,IW-MAINT-004,PARTIAL,"IW-MAINT-004: Complete, reschedule, explain, create, and supported correction flows execute inline through exact task identity, canonical services, confirmation, receipt, and reconciliation.",apps/backend/src/services/ask/; apps/backend/tests/ask/askInteractionCoverageMatrix.test.js; apps/backend/tests/ask/askLaunchContextCapability.test.js; apps/backend/tests/ask/correctionHandlersRuntime.test.js; apps/backend/tests/ask/askSessionHistoryPagination.test.js; apps/backend/tests/ask/maintenanceViewStateContinuity.test.js; apps/backend/tests/ask/captureConfirmWriteSafety.test.js; docs/library/ASK_INLINE_COVERAGE.md; apps/frontend/src/features/ask/; apps/frontend/src/components/ask/; apps/frontend/src/features/ask/__tests__/; apps/frontend/src/components/ask/__tests__/; docs/library/ASK_INLINE_COVERAGE.md,42b9098f,2026-09-24,Maintenance view continuity and shared detail components are tested; full collection and reconciliation parity remains incomplete. Executed 195 frontend and 147 backend focused tests successfully against repository commit `42b9098f`.
product/ASK_COZY_INLINE_WORKSPACE_FRD.md,IW-MAINT-005,PARTIAL,IW-MAINT-005: “View all” expands into an inline collection browser with full-scope server semantics. Backend truncation is disclosed and recoverable.,apps/backend/src/services/ask/; apps/backend/tests/ask/askInteractionCoverageMatrix.test.js; apps/backend/tests/ask/askLaunchContextCapability.test.js; apps/backend/tests/ask/correctionHandlersRuntime.test.js; apps/backend/tests/ask/askSessionHistoryPagination.test.js; apps/backend/tests/ask/maintenanceViewStateContinuity.test.js; apps/backend/tests/ask/captureConfirmWriteSafety.test.js; docs/library/ASK_INLINE_COVERAGE.md; apps/frontend/src/features/ask/; apps/frontend/src/components/ask/; apps/frontend/src/features/ask/__tests__/; apps/frontend/src/components/ask/__tests__/; docs/library/ASK_INLINE_COVERAGE.md,42b9098f,2026-09-24,Maintenance view continuity and shared detail components are tested; full collection and reconciliation parity remains incomplete. Executed 195 frontend and 147 backend focused tests successfully against repository commit `42b9098f`.
product/ASK_COZY_INLINE_WORKSPACE_FRD.md,IW-MAINT-006,PARTIAL,"IW-MAINT-006: “Create maintenance task” uses the existing inline capture and confirmation operation. Opening Maintenance Setup is an optional secondary choice, not the primary path.",apps/backend/src/services/ask/; apps/backend/tests/ask/askInteractionCoverageMatrix.test.js; apps/backend/tests/ask/askLaunchContextCapability.test.js; apps/backend/tests/ask/correctionHandlersRuntime.test.js; apps/backend/tests/ask/askSessionHistoryPagination.test.js; apps/backend/tests/ask/maintenanceViewStateContinuity.test.js; apps/backend/tests/ask/captureConfirmWriteSafety.test.js; docs/library/ASK_INLINE_COVERAGE.md; apps/frontend/src/features/ask/; apps/frontend/src/components/ask/; apps/frontend/src/features/ask/__tests__/; apps/frontend/src/components/ask/__tests__/; docs/library/ASK_INLINE_COVERAGE.md,42b9098f,2026-09-24,Maintenance view continuity and shared detail components are tested; full collection and reconciliation parity remains incomplete. Executed 195 frontend and 147 backend focused tests successfully against repository commit `42b9098f`.
product/ASK_COZY_INLINE_WORKSPACE_FRD.md,IW-MAINT-007,PARTIAL,"IW-MAINT-007: “Open Maintenance” remains available as a secondary explicit action and preserves property, representable filters, selected task, session/execution/result, and return position.",apps/backend/src/services/ask/; apps/backend/tests/ask/askInteractionCoverageMatrix.test.js; apps/backend/tests/ask/askLaunchContextCapability.test.js; apps/backend/tests/ask/correctionHandlersRuntime.test.js; apps/backend/tests/ask/askSessionHistoryPagination.test.js; apps/backend/tests/ask/maintenanceViewStateContinuity.test.js; apps/backend/tests/ask/captureConfirmWriteSafety.test.js; docs/library/ASK_INLINE_COVERAGE.md; apps/frontend/src/features/ask/; apps/frontend/src/components/ask/; apps/frontend/src/features/ask/__tests__/; apps/frontend/src/components/ask/__tests__/; docs/library/ASK_INLINE_COVERAGE.md,42b9098f,2026-09-24,Maintenance view continuity and shared detail components are tested; full collection and reconciliation parity remains incomplete. Executed 195 frontend and 147 backend focused tests successfully against repository commit `42b9098f`.
product/ASK_COZY_INLINE_WORKSPACE_FRD.md,IW-MAINT-008,PARTIAL,IW-MAINT-008: Changes made in either surface reconcile from canonical data. A failed refresh never turns a successful write into a failed or repeatable mutation.,apps/backend/src/services/ask/; apps/backend/tests/ask/askInteractionCoverageMatrix.test.js; apps/backend/tests/ask/askLaunchContextCapability.test.js; apps/backend/tests/ask/correctionHandlersRuntime.test.js; apps/backend/tests/ask/askSessionHistoryPagination.test.js; apps/backend/tests/ask/maintenanceViewStateContinuity.test.js; apps/backend/tests/ask/captureConfirmWriteSafety.test.js; docs/library/ASK_INLINE_COVERAGE.md; apps/frontend/src/features/ask/; apps/frontend/src/components/ask/; apps/frontend/src/features/ask/__tests__/; apps/frontend/src/components/ask/__tests__/; docs/library/ASK_INLINE_COVERAGE.md,42b9098f,2026-09-24,Maintenance view continuity and shared detail components are tested; full collection and reconciliation parity remains incomplete. Executed 195 frontend and 147 backend focused tests successfully against repository commit `42b9098f`.
product/ASK_COZY_INLINE_WORKSPACE_FRD.md,IW-MAINT-009,PARTIAL,"IW-MAINT-009: Viewer, stale, deleted, access-lost, partial, empty, and unavailable states remain distinct and safe.",apps/backend/src/services/ask/; apps/backend/tests/ask/askInteractionCoverageMatrix.test.js; apps/backend/tests/ask/askLaunchContextCapability.test.js; apps/backend/tests/ask/correctionHandlersRuntime.test.js; apps/backend/tests/ask/askSessionHistoryPagination.test.js; apps/backend/tests/ask/maintenanceViewStateContinuity.test.js; apps/backend/tests/ask/captureConfirmWriteSafety.test.js; docs/library/ASK_INLINE_COVERAGE.md; apps/frontend/src/features/ask/; apps/frontend/src/components/ask/; apps/frontend/src/features/ask/__tests__/; apps/frontend/src/components/ask/__tests__/; docs/library/ASK_INLINE_COVERAGE.md,42b9098f,2026-09-24,Maintenance view continuity and shared detail components are tested; full collection and reconciliation parity remains incomplete. Executed 195 frontend and 147 backend focused tests successfully against repository commit `42b9098f`.
product/ASK_COZY_INLINE_WORKSPACE_FRD.md,IW-MOB-002,PARTIAL,"IW-MOB-002: Inline detail and workflows use nested full-screen views, sheets, or stacked panels under the Ask shell. They do not open unrelated dashboard pages by default.",apps/frontend/src/features/ask/; apps/frontend/src/components/ask/; apps/frontend/src/features/ask/__tests__/; apps/frontend/src/components/ask/__tests__/; docs/library/ASK_INLINE_COVERAGE.md; apps/backend/src/services/ask/; apps/backend/tests/ask/askInteractionCoverageMatrix.test.js; apps/backend/tests/ask/askLaunchContextCapability.test.js; apps/backend/tests/ask/correctionHandlersRuntime.test.js; apps/backend/tests/ask/askSessionHistoryPagination.test.js; apps/backend/tests/ask/maintenanceViewStateContinuity.test.js; apps/backend/tests/ask/captureConfirmWriteSafety.test.js; docs/library/ASK_INLINE_COVERAGE.md,42b9098f,2026-09-24,Responsive policies/components have focused tests; no mobile browser suite was run in this review. Executed 195 frontend and 147 backend focused tests successfully against repository commit `42b9098f`.
product/ASK_COZY_INLINE_WORKSPACE_FRD.md,IW-MOB-003,PARTIAL,"IW-MOB-003: The in-Ask back action returns to the exact prior result, filter, selection, scroll position, and draft.",apps/frontend/src/features/ask/; apps/frontend/src/components/ask/; apps/frontend/src/features/ask/__tests__/; apps/frontend/src/components/ask/__tests__/; docs/library/ASK_INLINE_COVERAGE.md; apps/backend/src/services/ask/; apps/backend/tests/ask/askInteractionCoverageMatrix.test.js; apps/backend/tests/ask/askLaunchContextCapability.test.js; apps/backend/tests/ask/correctionHandlersRuntime.test.js; apps/backend/tests/ask/askSessionHistoryPagination.test.js; apps/backend/tests/ask/maintenanceViewStateContinuity.test.js; apps/backend/tests/ask/captureConfirmWriteSafety.test.js; docs/library/ASK_INLINE_COVERAGE.md,42b9098f,2026-09-24,Responsive policies/components have focused tests; no mobile browser suite was run in this review. Executed 195 frontend and 147 backend focused tests successfully against repository commit `42b9098f`.
product/ASK_COZY_INLINE_WORKSPACE_FRD.md,IW-MOB-005,PARTIAL,"IW-MOB-005: Tables transform to labeled cards or horizontal sections without losing column meaning, units, source, or comparison relationships.",apps/frontend/src/features/ask/; apps/frontend/src/components/ask/; apps/frontend/src/features/ask/__tests__/; apps/frontend/src/components/ask/__tests__/; docs/library/ASK_INLINE_COVERAGE.md; apps/backend/src/services/ask/; apps/backend/tests/ask/askInteractionCoverageMatrix.test.js; apps/backend/tests/ask/askLaunchContextCapability.test.js; apps/backend/tests/ask/correctionHandlersRuntime.test.js; apps/backend/tests/ask/askSessionHistoryPagination.test.js; apps/backend/tests/ask/maintenanceViewStateContinuity.test.js; apps/backend/tests/ask/captureConfirmWriteSafety.test.js; docs/library/ASK_INLINE_COVERAGE.md,42b9098f,2026-09-24,Responsive policies/components have focused tests; no mobile browser suite was run in this review. Executed 195 frontend and 147 backend focused tests successfully against repository commit `42b9098f`.
product/ASK_COZY_INLINE_WORKSPACE_FRD.md,IW-MOB-008,PARTIAL,"IW-MOB-008: Recent conversations are available from an Ask header control that opens a full-height drawer or nested view with New conversation, search, active-state indication, property labels, and session actions.",apps/frontend/src/features/ask/; apps/frontend/src/components/ask/; apps/frontend/src/features/ask/__tests__/; apps/frontend/src/components/ask/__tests__/; docs/library/ASK_INLINE_COVERAGE.md; apps/backend/src/services/ask/; apps/backend/tests/ask/askInteractionCoverageMatrix.test.js; apps/backend/tests/ask/askLaunchContextCapability.test.js; apps/backend/tests/ask/correctionHandlersRuntime.test.js; apps/backend/tests/ask/askSessionHistoryPagination.test.js; apps/backend/tests/ask/maintenanceViewStateContinuity.test.js; apps/backend/tests/ask/captureConfirmWriteSafety.test.js; docs/library/ASK_INLINE_COVERAGE.md,42b9098f,2026-09-24,Responsive policies/components have focused tests; no mobile browser suite was run in this review. Executed 195 frontend and 147 backend focused tests successfully against repository commit `42b9098f`.
product/ASK_COZY_INLINE_WORKSPACE_FRD.md,IW-MOB-009,PARTIAL,"IW-MOB-009: Selecting a conversation closes the history drawer, restores that conversation, and moves focus to the conversation heading or restored position. Closing without selection returns focus to the history trigger.",apps/frontend/src/features/ask/; apps/frontend/src/components/ask/; apps/frontend/src/features/ask/__tests__/; apps/frontend/src/components/ask/__tests__/; docs/library/ASK_INLINE_COVERAGE.md; apps/backend/src/services/ask/; apps/backend/tests/ask/askInteractionCoverageMatrix.test.js; apps/backend/tests/ask/askLaunchContextCapability.test.js; apps/backend/tests/ask/correctionHandlersRuntime.test.js; apps/backend/tests/ask/askSessionHistoryPagination.test.js; apps/backend/tests/ask/maintenanceViewStateContinuity.test.js; apps/backend/tests/ask/captureConfirmWriteSafety.test.js; docs/library/ASK_INLINE_COVERAGE.md,42b9098f,2026-09-24,Responsive policies/components have focused tests; no mobile browser suite was run in this review. Executed 195 frontend and 147 backend focused tests successfully against repository commit `42b9098f`.
product/ASK_COZY_INLINE_WORKSPACE_FRD.md,IW-MOB-010,PARTIAL,"IW-MOB-010: Application navigation, conversation history, contextual information, and the active workflow must not create stacked sheets with ambiguous back behavior. Every mobile layer has one clear title, close/back action, and restoration destination.",apps/frontend/src/features/ask/; apps/frontend/src/components/ask/; apps/frontend/src/features/ask/__tests__/; apps/frontend/src/components/ask/__tests__/; docs/library/ASK_INLINE_COVERAGE.md; apps/backend/src/services/ask/; apps/backend/tests/ask/askInteractionCoverageMatrix.test.js; apps/backend/tests/ask/askLaunchContextCapability.test.js; apps/backend/tests/ask/correctionHandlersRuntime.test.js; apps/backend/tests/ask/askSessionHistoryPagination.test.js; apps/backend/tests/ask/maintenanceViewStateContinuity.test.js; apps/backend/tests/ask/captureConfirmWriteSafety.test.js; docs/library/ASK_INLINE_COVERAGE.md,42b9098f,2026-09-24,Responsive policies/components have focused tests; no mobile browser suite was run in this review. Executed 195 frontend and 147 backend focused tests successfully against repository commit `42b9098f`.
product/ASK_COZY_INLINE_WORKSPACE_FRD.md,IW-PRES-001,PARTIAL,"Fit the job. Select a presentation mode based on the information task rather than domain branding. Use cards for a small number of individually actionable or visually distinct options; tables for dense, repeated attributes where scanning across rows or columns matters; lists for ordered or grouped records; comparison views for a bounded set of alternatives; timelines for chronological relationships; forms for structured input; and detail/workspace views for inspection or multi-st",apps/frontend/src/features/ask/; apps/frontend/src/components/ask/; apps/frontend/src/features/ask/__tests__/; apps/frontend/src/components/ask/__tests__/; docs/library/ASK_INLINE_COVERAGE.md; apps/backend/src/services/ask/; apps/backend/tests/ask/askInteractionCoverageMatrix.test.js; apps/backend/tests/ask/askLaunchContextCapability.test.js; apps/backend/tests/ask/correctionHandlersRuntime.test.js; apps/backend/tests/ask/askSessionHistoryPagination.test.js; apps/backend/tests/ask/maintenanceViewStateContinuity.test.js; apps/backend/tests/ask/captureConfirmWriteSafety.test.js; docs/library/ASK_INLINE_COVERAGE.md,42b9098f,2026-09-24,Focused presentation and component tests passed; the requirement remains broader than the tested block types and producers. Executed 195 frontend and 147 backend focused tests successfully against repository commit `42b9098f`.
product/ASK_COZY_INLINE_WORKSPACE_FRD.md,IW-PRES-002,PARTIAL,"Prefer the simplest sufficient form. Plain conversational text remains appropriate for a short explanation or single fact. Do not wrap every answer in a card, table, or workspace.",apps/frontend/src/features/ask/; apps/frontend/src/components/ask/; apps/frontend/src/features/ask/__tests__/; apps/frontend/src/components/ask/__tests__/; docs/library/ASK_INLINE_COVERAGE.md; apps/backend/src/services/ask/; apps/backend/tests/ask/askInteractionCoverageMatrix.test.js; apps/backend/tests/ask/askLaunchContextCapability.test.js; apps/backend/tests/ask/correctionHandlersRuntime.test.js; apps/backend/tests/ask/askSessionHistoryPagination.test.js; apps/backend/tests/ask/maintenanceViewStateContinuity.test.js; apps/backend/tests/ask/captureConfirmWriteSafety.test.js; docs/library/ASK_INLINE_COVERAGE.md,42b9098f,2026-09-24,Focused presentation and component tests passed; the requirement remains broader than the tested block types and producers. Executed 195 frontend and 147 backend focused tests successfully against repository commit `42b9098f`.
product/ASK_COZY_INLINE_WORKSPACE_FRD.md,IW-PRES-003,PARTIAL,"Preserve semantics across modes. Switching or responsively transforming between table, card, list, or comparison modes must preserve record identity, values, units, labels, status, ranking rationale, actions, selection, source, freshness, limitations, and total/partial-result meaning.",apps/frontend/src/features/ask/; apps/frontend/src/components/ask/; apps/frontend/src/features/ask/__tests__/; apps/frontend/src/components/ask/__tests__/; docs/library/ASK_INLINE_COVERAGE.md; apps/backend/src/services/ask/; apps/backend/tests/ask/askInteractionCoverageMatrix.test.js; apps/backend/tests/ask/askLaunchContextCapability.test.js; apps/backend/tests/ask/correctionHandlersRuntime.test.js; apps/backend/tests/ask/askSessionHistoryPagination.test.js; apps/backend/tests/ask/maintenanceViewStateContinuity.test.js; apps/backend/tests/ask/captureConfirmWriteSafety.test.js; docs/library/ASK_INLINE_COVERAGE.md,42b9098f,2026-09-24,Focused presentation and component tests passed; the requirement remains broader than the tested block types and producers. Executed 195 frontend and 147 backend focused tests successfully against repository commit `42b9098f`.
product/ASK_COZY_INLINE_WORKSPACE_FRD.md,IW-PRES-004,PARTIAL,"Stable response frame. Rich results appear in or immediately adjacent to the response that produced them. The originating prompt, Cozy explanation, result, sources/evidence, feedback controls, and composer remain visibly or navigationally connected.",apps/frontend/src/features/ask/; apps/frontend/src/components/ask/; apps/frontend/src/features/ask/__tests__/; apps/frontend/src/components/ask/__tests__/; docs/library/ASK_INLINE_COVERAGE.md; apps/backend/src/services/ask/; apps/backend/tests/ask/askInteractionCoverageMatrix.test.js; apps/backend/tests/ask/askLaunchContextCapability.test.js; apps/backend/tests/ask/correctionHandlersRuntime.test.js; apps/backend/tests/ask/askSessionHistoryPagination.test.js; apps/backend/tests/ask/maintenanceViewStateContinuity.test.js; apps/backend/tests/ask/captureConfirmWriteSafety.test.js; docs/library/ASK_INLINE_COVERAGE.md,42b9098f,2026-09-24,Focused presentation and component tests passed; the requirement remains broader than the tested block types and producers. Executed 195 frontend and 147 backend focused tests successfully against repository commit `42b9098f`.
product/ASK_COZY_INLINE_WORKSPACE_FRD.md,IW-PRES-005,PARTIAL,"Actionable result surfaces. Each record or option exposes only its permitted contextual actions. An ordinary card, row, title, or option opens inline detail or selects the item; it does not implicitly navigate to a traditional page.",apps/frontend/src/features/ask/; apps/frontend/src/components/ask/; apps/frontend/src/features/ask/__tests__/; apps/frontend/src/components/ask/__tests__/; docs/library/ASK_INLINE_COVERAGE.md; apps/backend/src/services/ask/; apps/backend/tests/ask/askInteractionCoverageMatrix.test.js; apps/backend/tests/ask/askLaunchContextCapability.test.js; apps/backend/tests/ask/correctionHandlersRuntime.test.js; apps/backend/tests/ask/askSessionHistoryPagination.test.js; apps/backend/tests/ask/maintenanceViewStateContinuity.test.js; apps/backend/tests/ask/captureConfirmWriteSafety.test.js; docs/library/ASK_INLINE_COVERAGE.md,42b9098f,2026-09-24,Focused presentation and component tests passed; the requirement remains broader than the tested block types and producers. Executed 195 frontend and 147 backend focused tests successfully against repository commit `42b9098f`.
product/ASK_COZY_INLINE_WORKSPACE_FRD.md,IW-PRES-006,PARTIAL,"Bounded comparison strip. A small set of visually comparable alternatives may use a horizontally arranged card strip with meaningful badges such as “Recommended,” “Lowest cost,” or “Soonest.” Every badge must derive from declared data and policy, explain its basis, avoid presenting several incompatible labels as one overall winner, and remain understandable without color or position alone.",apps/frontend/src/features/ask/; apps/frontend/src/components/ask/; apps/frontend/src/features/ask/__tests__/; apps/frontend/src/components/ask/__tests__/; docs/library/ASK_INLINE_COVERAGE.md; apps/backend/src/services/ask/; apps/backend/tests/ask/askInteractionCoverageMatrix.test.js; apps/backend/tests/ask/askLaunchContextCapability.test.js; apps/backend/tests/ask/correctionHandlersRuntime.test.js; apps/backend/tests/ask/askSessionHistoryPagination.test.js; apps/backend/tests/ask/maintenanceViewStateContinuity.test.js; apps/backend/tests/ask/captureConfirmWriteSafety.test.js; docs/library/ASK_INLINE_COVERAGE.md,42b9098f,2026-09-24,Focused presentation and component tests passed; the requirement remains broader than the tested block types and producers. Executed 195 frontend and 147 backend focused tests successfully against repository commit `42b9098f`.
product/ASK_COZY_INLINE_WORKSPACE_FRD.md,IW-PRES-007,PARTIAL,"Table fitness. Use a table only when column comparison materially improves comprehension. Tables require meaningful headers, sensible default columns, sort/filter support where applicable, disclosed row count and truncation, and a responsive alternative that does not reduce the data to unlabeled values.",apps/frontend/src/features/ask/; apps/frontend/src/components/ask/; apps/frontend/src/features/ask/__tests__/; apps/frontend/src/components/ask/__tests__/; docs/library/ASK_INLINE_COVERAGE.md; apps/backend/src/services/ask/; apps/backend/tests/ask/askInteractionCoverageMatrix.test.js; apps/backend/tests/ask/askLaunchContextCapability.test.js; apps/backend/tests/ask/correctionHandlersRuntime.test.js; apps/backend/tests/ask/askSessionHistoryPagination.test.js; apps/backend/tests/ask/maintenanceViewStateContinuity.test.js; apps/backend/tests/ask/captureConfirmWriteSafety.test.js; docs/library/ASK_INLINE_COVERAGE.md,42b9098f,2026-09-24,Focused presentation and component tests passed; the requirement remains broader than the tested block types and producers. Executed 195 frontend and 147 backend focused tests successfully against repository commit `42b9098f`.
product/ASK_COZY_INLINE_WORKSPACE_FRD.md,IW-PRES-008,PARTIAL,"View choice. When more than one mode is genuinely useful, Ask Cozy may offer a concise view switch such as “Cards” / “Table” / “List.” The homeowner's choice persists for that result and may be remembered as a non-sensitive display preference. Changing the view must not issue a new conversational request or duplicate the result.",apps/frontend/src/features/ask/; apps/frontend/src/components/ask/; apps/frontend/src/features/ask/__tests__/; apps/frontend/src/components/ask/__tests__/; docs/library/ASK_INLINE_COVERAGE.md; apps/backend/src/services/ask/; apps/backend/tests/ask/askInteractionCoverageMatrix.test.js; apps/backend/tests/ask/askLaunchContextCapability.test.js; apps/backend/tests/ask/correctionHandlersRuntime.test.js; apps/backend/tests/ask/askSessionHistoryPagination.test.js; apps/backend/tests/ask/maintenanceViewStateContinuity.test.js; apps/backend/tests/ask/captureConfirmWriteSafety.test.js; docs/library/ASK_INLINE_COVERAGE.md,42b9098f,2026-09-24,Focused presentation and component tests passed; the requirement remains broader than the tested block types and producers. Executed 195 frontend and 147 backend focused tests successfully against repository commit `42b9098f`.
product/ASK_COZY_INLINE_WORKSPACE_FRD.md,IW-PRES-009,PARTIAL,"Responsive adaptation. The same semantic result may render differently by available width. A desktop comparison strip may become stacked or swipeable cards on mobile; a desktop table may become labeled record cards or a column-focused comparison. Adaptation must not hide a required action, comparison dimension, disclosure, or failure state.",apps/frontend/src/features/ask/; apps/frontend/src/components/ask/; apps/frontend/src/features/ask/__tests__/; apps/frontend/src/components/ask/__tests__/; docs/library/ASK_INLINE_COVERAGE.md; apps/backend/src/services/ask/; apps/backend/tests/ask/askInteractionCoverageMatrix.test.js; apps/backend/tests/ask/askLaunchContextCapability.test.js; apps/backend/tests/ask/correctionHandlersRuntime.test.js; apps/backend/tests/ask/askSessionHistoryPagination.test.js; apps/backend/tests/ask/maintenanceViewStateContinuity.test.js; apps/backend/tests/ask/captureConfirmWriteSafety.test.js; docs/library/ASK_INLINE_COVERAGE.md,42b9098f,2026-09-24,Focused presentation and component tests passed; the requirement remains broader than the tested block types and producers. Executed 195 frontend and 147 backend focused tests successfully against repository commit `42b9098f`.
product/ASK_COZY_INLINE_WORKSPACE_FRD.md,IW-PRES-010,PARTIAL,"Progressive density. Show the decision-driving attributes first, with expandable detail for secondary data, evidence, assumptions, and provenance. Dense content may expand into the contextual workspace while remaining inside Ask Cozy.",apps/frontend/src/features/ask/; apps/frontend/src/components/ask/; apps/frontend/src/features/ask/__tests__/; apps/frontend/src/components/ask/__tests__/; docs/library/ASK_INLINE_COVERAGE.md; apps/backend/src/services/ask/; apps/backend/tests/ask/askInteractionCoverageMatrix.test.js; apps/backend/tests/ask/askLaunchContextCapability.test.js; apps/backend/tests/ask/correctionHandlersRuntime.test.js; apps/backend/tests/ask/askSessionHistoryPagination.test.js; apps/backend/tests/ask/maintenanceViewStateContinuity.test.js; apps/backend/tests/ask/captureConfirmWriteSafety.test.js; docs/library/ASK_INLINE_COVERAGE.md,42b9098f,2026-09-24,Focused presentation and component tests passed; the requirement remains broader than the tested block types and producers. Executed 195 frontend and 147 backend focused tests successfully against repository commit `42b9098f`.
product/ASK_COZY_INLINE_WORKSPACE_FRD.md,IW-PRES-011,PARTIAL,"User control over motion and overflow. Horizontal carousels or strips require visible previous/next controls, keyboard operation, scroll-position cues, accessible item counts, and reduced-motion behavior. They must not be the only way to reach an item, and automatic rotation is prohibited.",apps/frontend/src/features/ask/; apps/frontend/src/components/ask/; apps/frontend/src/features/ask/__tests__/; apps/frontend/src/components/ask/__tests__/; docs/library/ASK_INLINE_COVERAGE.md; apps/backend/src/services/ask/; apps/backend/tests/ask/askInteractionCoverageMatrix.test.js; apps/backend/tests/ask/askLaunchContextCapability.test.js; apps/backend/tests/ask/correctionHandlersRuntime.test.js; apps/backend/tests/ask/askSessionHistoryPagination.test.js; apps/backend/tests/ask/maintenanceViewStateContinuity.test.js; apps/backend/tests/ask/captureConfirmWriteSafety.test.js; docs/library/ASK_INLINE_COVERAGE.md,42b9098f,2026-09-24,Focused presentation and component tests passed; the requirement remains broader than the tested block types and producers. Executed 195 frontend and 147 backend focused tests successfully against repository commit `42b9098f`.
product/ASK_COZY_INLINE_WORKSPACE_FRD.md,IW-PRES-012,PARTIAL,"Honest fallback. If the preferred renderer fails, is unsupported, or receives a newer schema version, show a safe registered summary/list fallback with preserved identity and actions that remain valid. Never render raw payloads or silently replace an actionable result with prose.",apps/frontend/src/features/ask/; apps/frontend/src/components/ask/; apps/frontend/src/features/ask/__tests__/; apps/frontend/src/components/ask/__tests__/; docs/library/ASK_INLINE_COVERAGE.md; apps/backend/src/services/ask/; apps/backend/tests/ask/askInteractionCoverageMatrix.test.js; apps/backend/tests/ask/askLaunchContextCapability.test.js; apps/backend/tests/ask/correctionHandlersRuntime.test.js; apps/backend/tests/ask/askSessionHistoryPagination.test.js; apps/backend/tests/ask/maintenanceViewStateContinuity.test.js; apps/backend/tests/ask/captureConfirmWriteSafety.test.js; docs/library/ASK_INLINE_COVERAGE.md,42b9098f,2026-09-24,Focused presentation and component tests passed; the requirement remains broader than the tested block types and producers. Executed 195 frontend and 147 backend focused tests successfully against repository commit `42b9098f`.
product/ASK_COZY_INLINE_WORKSPACE_FRD.md,IW-SHELL-001,PARTIAL,"Stable shell. Starting, opening, or continuing a conversation must preserve a recognizable shell rather than presenting each answer as a separate page. The shell contains application navigation, conversation history navigation, the active conversation canvas, a persistent composer, and an optional contextual information surface.",apps/frontend/src/features/ask/; apps/frontend/src/components/ask/; apps/frontend/src/features/ask/__tests__/; apps/frontend/src/components/ask/__tests__/; docs/library/ASK_INLINE_COVERAGE.md; apps/backend/src/services/ask/; apps/backend/tests/ask/askInteractionCoverageMatrix.test.js; apps/backend/tests/ask/askLaunchContextCapability.test.js; apps/backend/tests/ask/correctionHandlersRuntime.test.js; apps/backend/tests/ask/askSessionHistoryPagination.test.js; apps/backend/tests/ask/maintenanceViewStateContinuity.test.js; apps/backend/tests/ask/captureConfirmWriteSafety.test.js; docs/library/ASK_INLINE_COVERAGE.md,42b9098f,2026-09-24,"Focused component/session tests passed; full shell, layout, draft and feedback behavior is not completely covered. Executed 195 frontend and 147 backend focused tests successfully against repository commit `42b9098f`."
product/ASK_COZY_INLINE_WORKSPACE_FRD.md,IW-SHELL-004,PARTIAL,Conversation canvas. The center canvas remains the primary reading and interaction area. It hosts conversational text and the adaptive presentation modes defined in §§11.5–11.6 without forcing a route change.,apps/frontend/src/features/ask/; apps/frontend/src/components/ask/; apps/frontend/src/features/ask/__tests__/; apps/frontend/src/components/ask/__tests__/; docs/library/ASK_INLINE_COVERAGE.md; apps/backend/src/services/ask/; apps/backend/tests/ask/askInteractionCoverageMatrix.test.js; apps/backend/tests/ask/askLaunchContextCapability.test.js; apps/backend/tests/ask/correctionHandlersRuntime.test.js; apps/backend/tests/ask/askSessionHistoryPagination.test.js; apps/backend/tests/ask/maintenanceViewStateContinuity.test.js; apps/backend/tests/ask/captureConfirmWriteSafety.test.js; docs/library/ASK_INLINE_COVERAGE.md,42b9098f,2026-09-24,"Focused component/session tests passed; full shell, layout, draft and feedback behavior is not completely covered. Executed 195 frontend and 147 backend focused tests successfully against repository commit `42b9098f`."
product/ASK_COZY_INLINE_WORKSPACE_FRD.md,IW-SHELL-005,PARTIAL,"Persistent composer. The composer remains available at the bottom of the active conversation while the homeowner reads or interacts with non-modal content. It preserves draft text per conversation and property, supports multiline input, exposes clear send/progress/cancel states where applicable, and is not obscured by panels, keyboards, or safe-area insets.",apps/frontend/src/features/ask/; apps/frontend/src/components/ask/; apps/frontend/src/features/ask/__tests__/; apps/frontend/src/components/ask/__tests__/; docs/library/ASK_INLINE_COVERAGE.md; apps/backend/src/services/ask/; apps/backend/tests/ask/askInteractionCoverageMatrix.test.js; apps/backend/tests/ask/askLaunchContextCapability.test.js; apps/backend/tests/ask/correctionHandlersRuntime.test.js; apps/backend/tests/ask/askSessionHistoryPagination.test.js; apps/backend/tests/ask/maintenanceViewStateContinuity.test.js; apps/backend/tests/ask/captureConfirmWriteSafety.test.js; docs/library/ASK_INLINE_COVERAGE.md,42b9098f,2026-09-24,"Focused component/session tests passed; full shell, layout, draft and feedback behavior is not completely covered. Executed 195 frontend and 147 backend focused tests successfully against repository commit `42b9098f`."
product/ASK_COZY_INLINE_WORKSPACE_FRD.md,IW-SHELL-006,PARTIAL,"Contextual information surface. Sources, evidence, assumptions, limitations, related records, output artifacts, and workflow status may open in a right-side contextual panel on sufficiently wide screens and in a sheet or nested view on smaller screens. The surface is optional, claim-linked, dismissible, and must not replace the conversation or become required for understanding the primary answer.",apps/frontend/src/features/ask/; apps/frontend/src/components/ask/; apps/frontend/src/features/ask/__tests__/; apps/frontend/src/components/ask/__tests__/; docs/library/ASK_INLINE_COVERAGE.md; apps/backend/src/services/ask/; apps/backend/tests/ask/askInteractionCoverageMatrix.test.js; apps/backend/tests/ask/askLaunchContextCapability.test.js; apps/backend/tests/ask/correctionHandlersRuntime.test.js; apps/backend/tests/ask/askSessionHistoryPagination.test.js; apps/backend/tests/ask/maintenanceViewStateContinuity.test.js; apps/backend/tests/ask/captureConfirmWriteSafety.test.js; docs/library/ASK_INLINE_COVERAGE.md,42b9098f,2026-09-24,"Focused component/session tests passed; full shell, layout, draft and feedback behavior is not completely covered. Executed 195 frontend and 147 backend focused tests successfully against repository commit `42b9098f`."
product/ASK_COZY_INLINE_WORKSPACE_FRD.md,IW-SHELL-007,PARTIAL,Feedback proximity. Response-level feedback and correction controls appear near the response they affect and carry exact execution/result identity. They must not be confused with record-level mutation actions.,apps/frontend/src/features/ask/; apps/frontend/src/components/ask/; apps/frontend/src/features/ask/__tests__/; apps/frontend/src/components/ask/__tests__/; docs/library/ASK_INLINE_COVERAGE.md; apps/backend/src/services/ask/; apps/backend/tests/ask/askInteractionCoverageMatrix.test.js; apps/backend/tests/ask/askLaunchContextCapability.test.js; apps/backend/tests/ask/correctionHandlersRuntime.test.js; apps/backend/tests/ask/askSessionHistoryPagination.test.js; apps/backend/tests/ask/maintenanceViewStateContinuity.test.js; apps/backend/tests/ask/captureConfirmWriteSafety.test.js; docs/library/ASK_INLINE_COVERAGE.md,42b9098f,2026-09-24,"Focused component/session tests passed; full shell, layout, draft and feedback behavior is not completely covered. Executed 195 frontend and 147 backend focused tests successfully against repository commit `42b9098f`."
product/ASK_COZY_INLINE_WORKSPACE_FRD.md,IW-SHELL-008,PARTIAL,"No duplicated navigation burden. The shell must not keep two full-width left sidebars open when doing so materially constrains the conversation. It uses responsive collapse, a compact application rail, or an overlay/drawer while keeping both conversation history and traditional product navigation reachable.",apps/frontend/src/features/ask/; apps/frontend/src/components/ask/; apps/frontend/src/features/ask/__tests__/; apps/frontend/src/components/ask/__tests__/; docs/library/ASK_INLINE_COVERAGE.md; apps/backend/src/services/ask/; apps/backend/tests/ask/askInteractionCoverageMatrix.test.js; apps/backend/tests/ask/askLaunchContextCapability.test.js; apps/backend/tests/ask/correctionHandlersRuntime.test.js; apps/backend/tests/ask/askSessionHistoryPagination.test.js; apps/backend/tests/ask/maintenanceViewStateContinuity.test.js; apps/backend/tests/ask/captureConfirmWriteSafety.test.js; docs/library/ASK_INLINE_COVERAGE.md,42b9098f,2026-09-24,"Focused component/session tests passed; full shell, layout, draft and feedback behavior is not completely covered. Executed 195 frontend and 147 backend focused tests successfully against repository commit `42b9098f`."
product/ASK_COZY_INLINE_WORKSPACE_FRD.md,IW-STATE-001,PARTIAL,"IW-STATE-001: Every interactive result has stable identity tied to session, execution, property, query, and canonical entities.",apps/frontend/src/features/ask/; apps/frontend/src/components/ask/; apps/frontend/src/features/ask/__tests__/; apps/frontend/src/components/ask/__tests__/; docs/library/ASK_INLINE_COVERAGE.md; apps/backend/src/services/ask/; apps/backend/tests/ask/askInteractionCoverageMatrix.test.js; apps/backend/tests/ask/askLaunchContextCapability.test.js; apps/backend/tests/ask/correctionHandlersRuntime.test.js; apps/backend/tests/ask/askSessionHistoryPagination.test.js; apps/backend/tests/ask/maintenanceViewStateContinuity.test.js; apps/backend/tests/ask/captureConfirmWriteSafety.test.js; docs/library/ASK_INLINE_COVERAGE.md,42b9098f,2026-09-24,Result state and continuity paths have focused tests; every workspace/draft/round-trip path is not covered. Executed 195 frontend and 147 backend focused tests successfully against repository commit `42b9098f`.
product/ASK_COZY_INLINE_WORKSPACE_FRD.md,IW-STATE-002,PARTIAL,"IW-STATE-002: Filtering, sorting, paging, expanding, selecting, and opening inline detail update the current view without creating duplicate live surfaces.",apps/frontend/src/features/ask/; apps/frontend/src/components/ask/; apps/frontend/src/features/ask/__tests__/; apps/frontend/src/components/ask/__tests__/; docs/library/ASK_INLINE_COVERAGE.md; apps/backend/src/services/ask/; apps/backend/tests/ask/askInteractionCoverageMatrix.test.js; apps/backend/tests/ask/askLaunchContextCapability.test.js; apps/backend/tests/ask/correctionHandlersRuntime.test.js; apps/backend/tests/ask/askSessionHistoryPagination.test.js; apps/backend/tests/ask/maintenanceViewStateContinuity.test.js; apps/backend/tests/ask/captureConfirmWriteSafety.test.js; docs/library/ASK_INLINE_COVERAGE.md,42b9098f,2026-09-24,Result state and continuity paths have focused tests; every workspace/draft/round-trip path is not covered. Executed 195 frontend and 147 backend focused tests successfully against repository commit `42b9098f`.
product/ASK_COZY_INLINE_WORKSPACE_FRD.md,IW-STATE-003,PARTIAL,IW-STATE-003: A new substantive question creates a new response. A declared refinement updates its target result while retaining the homeowner message and a concise acknowledgement.,apps/frontend/src/features/ask/; apps/frontend/src/components/ask/; apps/frontend/src/features/ask/__tests__/; apps/frontend/src/components/ask/__tests__/; docs/library/ASK_INLINE_COVERAGE.md; apps/backend/src/services/ask/; apps/backend/tests/ask/askInteractionCoverageMatrix.test.js; apps/backend/tests/ask/askLaunchContextCapability.test.js; apps/backend/tests/ask/correctionHandlersRuntime.test.js; apps/backend/tests/ask/askSessionHistoryPagination.test.js; apps/backend/tests/ask/maintenanceViewStateContinuity.test.js; apps/backend/tests/ask/captureConfirmWriteSafety.test.js; docs/library/ASK_INLINE_COVERAGE.md,42b9098f,2026-09-24,Result state and continuity paths have focused tests; every workspace/draft/round-trip path is not covered. Executed 195 frontend and 147 backend focused tests successfully against repository commit `42b9098f`.
product/ASK_COZY_INLINE_WORKSPACE_FRD.md,IW-STATE-004,PARTIAL,"IW-STATE-004: Draft input survives recoverable failure, workspace close/reopen, mobile keyboard changes, and promotion from panel to full Ask workspace.",apps/frontend/src/features/ask/; apps/frontend/src/components/ask/; apps/frontend/src/features/ask/__tests__/; apps/frontend/src/components/ask/__tests__/; docs/library/ASK_INLINE_COVERAGE.md; apps/backend/src/services/ask/; apps/backend/tests/ask/askInteractionCoverageMatrix.test.js; apps/backend/tests/ask/askLaunchContextCapability.test.js; apps/backend/tests/ask/correctionHandlersRuntime.test.js; apps/backend/tests/ask/askSessionHistoryPagination.test.js; apps/backend/tests/ask/maintenanceViewStateContinuity.test.js; apps/backend/tests/ask/captureConfirmWriteSafety.test.js; docs/library/ASK_INLINE_COVERAGE.md,42b9098f,2026-09-24,Result state and continuity paths have focused tests; every workspace/draft/round-trip path is not covered. Executed 195 frontend and 147 backend focused tests successfully against repository commit `42b9098f`.
product/ASK_COZY_INLINE_WORKSPACE_FRD.md,IW-STATE-005,PARTIAL,IW-STATE-005: Reloading or resuming the same session restores supported workspace state without converting it into a property fact or indefinite transcript archive.,apps/frontend/src/features/ask/; apps/frontend/src/components/ask/; apps/frontend/src/features/ask/__tests__/; apps/frontend/src/components/ask/__tests__/; docs/library/ASK_INLINE_COVERAGE.md; apps/backend/src/services/ask/; apps/backend/tests/ask/askInteractionCoverageMatrix.test.js; apps/backend/tests/ask/askLaunchContextCapability.test.js; apps/backend/tests/ask/correctionHandlersRuntime.test.js; apps/backend/tests/ask/askSessionHistoryPagination.test.js; apps/backend/tests/ask/maintenanceViewStateContinuity.test.js; apps/backend/tests/ask/captureConfirmWriteSafety.test.js; docs/library/ASK_INLINE_COVERAGE.md,42b9098f,2026-09-24,Result state and continuity paths have focused tests; every workspace/draft/round-trip path is not covered. Executed 195 frontend and 147 backend focused tests successfully against repository commit `42b9098f`.
product/ASK_COZY_INLINE_WORKSPACE_FRD.md,IW-STATE-006,PARTIAL,"IW-STATE-006: Switching property cannot retarget an existing result, proposal, workspace, or draft. Historical content remains visibly scoped to its original property.",apps/frontend/src/features/ask/; apps/frontend/src/components/ask/; apps/frontend/src/features/ask/__tests__/; apps/frontend/src/components/ask/__tests__/; docs/library/ASK_INLINE_COVERAGE.md; apps/backend/src/services/ask/; apps/backend/tests/ask/askInteractionCoverageMatrix.test.js; apps/backend/tests/ask/askLaunchContextCapability.test.js; apps/backend/tests/ask/correctionHandlersRuntime.test.js; apps/backend/tests/ask/askSessionHistoryPagination.test.js; apps/backend/tests/ask/maintenanceViewStateContinuity.test.js; apps/backend/tests/ask/captureConfirmWriteSafety.test.js; docs/library/ASK_INLINE_COVERAGE.md,42b9098f,2026-09-24,Result state and continuity paths have focused tests; every workspace/draft/round-trip path is not covered. Executed 195 frontend and 147 backend focused tests successfully against repository commit `42b9098f`.
product/ASK_COZY_INLINE_WORKSPACE_FRD.md,IW-STATE-007,PARTIAL,"IW-STATE-007: Out-of-order requests cannot overwrite newer property, result, filter, proposal, or workspace state.",apps/frontend/src/features/ask/; apps/frontend/src/components/ask/; apps/frontend/src/features/ask/__tests__/; apps/frontend/src/components/ask/__tests__/; docs/library/ASK_INLINE_COVERAGE.md; apps/backend/src/services/ask/; apps/backend/tests/ask/askInteractionCoverageMatrix.test.js; apps/backend/tests/ask/askLaunchContextCapability.test.js; apps/backend/tests/ask/correctionHandlersRuntime.test.js; apps/backend/tests/ask/askSessionHistoryPagination.test.js; apps/backend/tests/ask/maintenanceViewStateContinuity.test.js; apps/backend/tests/ask/captureConfirmWriteSafety.test.js; docs/library/ASK_INLINE_COVERAGE.md,42b9098f,2026-09-24,Result state and continuity paths have focused tests; every workspace/draft/round-trip path is not covered. Executed 195 frontend and 147 backend focused tests successfully against repository commit `42b9098f`.
product/ASK_COZY_INLINE_WORKSPACE_FRD.md,IW-STATE-008,PARTIAL,IW-STATE-008: Optional traditional/external round trips restore the source context and trigger appropriate revalidation.,apps/frontend/src/features/ask/; apps/frontend/src/components/ask/; apps/frontend/src/features/ask/__tests__/; apps/frontend/src/components/ask/__tests__/; docs/library/ASK_INLINE_COVERAGE.md; apps/backend/src/services/ask/; apps/backend/tests/ask/askInteractionCoverageMatrix.test.js; apps/backend/tests/ask/askLaunchContextCapability.test.js; apps/backend/tests/ask/correctionHandlersRuntime.test.js; apps/backend/tests/ask/askSessionHistoryPagination.test.js; apps/backend/tests/ask/maintenanceViewStateContinuity.test.js; apps/backend/tests/ask/captureConfirmWriteSafety.test.js; docs/library/ASK_INLINE_COVERAGE.md,42b9098f,2026-09-24,Result state and continuity paths have focused tests; every workspace/draft/round-trip path is not covered. Executed 195 frontend and 147 backend focused tests successfully against repository commit `42b9098f`.
